-- Generation time: Sun, 02 Feb 2020 11:51:16 +0000
-- Host: mysql.hostinger.ro
-- DB name: u574849695_24
/*!40030 SET NAMES UTF8 */;
/*!40101 SET @OLD_CHARACTER_SET_CLIENT=@@CHARACTER_SET_CLIENT */;
/*!40101 SET @OLD_CHARACTER_SET_RESULTS=@@CHARACTER_SET_RESULTS */;
/*!40101 SET @OLD_COLLATION_CONNECTION=@@COLLATION_CONNECTION */;
/*!40103 SET @OLD_TIME_ZONE=@@TIME_ZONE */;
/*!40103 SET TIME_ZONE='+00:00' */;
/*!40014 SET @OLD_UNIQUE_CHECKS=@@UNIQUE_CHECKS, UNIQUE_CHECKS=0 */;
/*!40014 SET @OLD_FOREIGN_KEY_CHECKS=@@FOREIGN_KEY_CHECKS, FOREIGN_KEY_CHECKS=0 */;
/*!40101 SET @OLD_SQL_MODE=@@SQL_MODE, SQL_MODE='NO_AUTO_VALUE_ON_ZERO' */;
/*!40111 SET @OLD_SQL_NOTES=@@SQL_NOTES, SQL_NOTES=0 */;
use vk;

DROP TABLE IF EXISTS `communities`;
CREATE TABLE `communities` (
  `id` bigint(20) unsigned NOT NULL AUTO_INCREMENT,
  `name` varchar(150) COLLATE utf8_unicode_ci DEFAULT NULL,
  PRIMARY KEY (`id`)
) ENGINE=InnoDB AUTO_INCREMENT=101 DEFAULT CHARSET=utf8 COLLATE=utf8_unicode_ci;

INSERT INTO `communities` VALUES ('1','deserunt'),
('2','fuga'),
('3','cum'),
('4','sunt'),
('5','et'),
('6','velit'),
('7','velit'),
('8','quisquam'),
('9','ut'),
('10','omnis'),
('11','similique'),
('12','qui'),
('13','dolores'),
('14','non'),
('15','qui'),
('16','aut'),
('17','ipsa'),
('18','aliquid'),
('19','illum'),
('20','sed'),
('21','quo'),
('22','qui'),
('23','minus'),
('24','est'),
('25','quos'),
('26','perspiciatis'),
('27','est'),
('28','sint'),
('29','qui'),
('30','qui'),
('31','consequuntur'),
('32','asperiores'),
('33','nemo'),
('34','nobis'),
('35','quisquam'),
('36','officiis'),
('37','fugit'),
('38','beatae'),
('39','rerum'),
('40','sed'),
('41','quia'),
('42','error'),
('43','rem'),
('44','maiores'),
('45','sapiente'),
('46','consequatur'),
('47','est'),
('48','quaerat'),
('49','ea'),
('50','est'),
('51','ad'),
('52','possimus'),
('53','est'),
('54','dolorem'),
('55','et'),
('56','doloremque'),
('57','omnis'),
('58','ipsa'),
('59','et'),
('60','voluptate'),
('61','id'),
('62','pariatur'),
('63','beatae'),
('64','ut'),
('65','praesentium'),
('66','voluptas'),
('67','quaerat'),
('68','qui'),
('69','accusantium'),
('70','soluta'),
('71','vel'),
('72','temporibus'),
('73','sed'),
('74','blanditiis'),
('75','animi'),
('76','accusamus'),
('77','in'),
('78','et'),
('79','vel'),
('80','et'),
('81','est'),
('82','earum'),
('83','dolor'),
('84','magnam'),
('85','consectetur'),
('86','dolor'),
('87','non'),
('88','qui'),
('89','eum'),
('90','qui'),
('91','sed'),
('92','atque'),
('93','nemo'),
('94','et'),
('95','dolorum'),
('96','neque'),
('97','consequatur'),
('98','pariatur'),
('99','illum'),
('100','aut'); 


DROP TABLE IF EXISTS `friend_requests`;
CREATE TABLE `friend_requests` (
  `initiator_user_id` bigint(20) unsigned NOT NULL,
  `target_user_id` bigint(20) unsigned NOT NULL,
  `status` enum('requested','approved','unfriended','declined') COLLATE utf8_unicode_ci DEFAULT NULL,
  `requested_at` timestamp NOT NULL DEFAULT current_timestamp(),
  `confirmed_at` datetime DEFAULT NULL,
  PRIMARY KEY (`initiator_user_id`,`target_user_id`),
  KEY `target_user_id` (`target_user_id`),
  KEY `initiator_user_id` (`initiator_user_id`),
  CONSTRAINT `friend_requests_ibfk_1` FOREIGN KEY (`initiator_user_id`) REFERENCES `users` (`id`),
  CONSTRAINT `friend_requests_ibfk_2` FOREIGN KEY (`target_user_id`) REFERENCES `users` (`id`)
) ENGINE=InnoDB DEFAULT CHARSET=utf8 COLLATE=utf8_unicode_ci;

INSERT INTO `friend_requests` VALUES ('1','1','','2003-01-03 00:34:50','2015-09-12 09:47:27'),
('2','2','','2001-05-25 07:17:50','1998-11-04 19:22:25'),
('3','3','','2009-11-02 15:00:30','1989-01-18 13:11:34'),
('4','4','','1988-08-09 21:59:55','2010-04-26 13:22:28'),
('5','5','','2017-06-11 10:22:25','1977-02-25 13:40:28'),
('6','6','','1975-09-22 20:52:18','2012-01-26 11:07:22'),
('7','7','','2001-07-09 21:29:59','2002-08-31 23:11:22'),
('8','8','','1973-06-21 07:55:58','1978-08-21 18:38:14'),
('9','9','','1982-03-03 05:18:46','2000-01-15 15:28:41'),
('10','10','','2018-09-09 15:09:10','1974-08-02 09:06:33'),
('11','11','','1992-10-05 21:03:25','1984-04-02 20:36:20'),
('12','12','','1972-07-27 22:09:02','1995-11-20 22:25:01'),
('13','13','','1994-05-30 21:11:12','1984-02-25 14:54:48'),
('14','14','','1982-10-18 14:01:36','1986-03-03 15:57:10'),
('15','15','','1976-06-16 01:08:36','1978-07-18 17:18:54'),
('16','16','','1982-09-15 13:04:09','2011-11-24 15:38:15'),
('17','17','','1984-02-21 01:17:42','2003-03-29 17:33:16'),
('18','18','','2003-01-16 00:07:58','2015-02-20 08:21:51'),
('19','19','','1978-02-12 21:03:07','1985-03-07 07:51:58'),
('20','20','','2015-07-14 21:41:20','2014-05-25 19:23:51'),
('21','21','','1986-03-22 08:32:35','2017-08-12 08:30:11'),
('22','22','','2003-07-17 05:39:15','2013-08-03 17:54:49'),
('23','23','','1992-03-28 06:26:26','1980-09-13 11:26:28'),
('24','24','','1990-10-28 19:05:29','1983-07-26 00:42:04'),
('25','25','','1985-03-09 02:18:19','1973-01-12 00:38:35'),
('26','26','','2019-10-01 19:07:24','2010-10-28 01:06:14'),
('27','27','','1984-03-29 14:08:01','2004-04-09 04:29:35'),
('28','28','','1985-11-30 20:06:02','1999-10-25 08:37:15'),
('29','29','','1992-01-22 15:36:21','1999-06-23 05:45:47'),
('30','30','','2006-11-25 18:57:33','2006-08-30 09:49:34'),
('31','31','','2016-11-02 12:30:11','1971-12-12 01:22:26'),
('32','32','','1985-08-29 03:42:52','1982-11-29 12:29:02'),
('33','33','','1998-02-17 08:42:17','2014-07-11 18:28:43'),
('34','34','','1985-10-09 21:22:07','1971-06-14 21:58:51'),
('35','35','','1998-03-03 13:06:38','1992-09-21 21:08:03'),
('36','36','','1987-06-01 13:34:05','1997-04-30 10:21:25'),
('37','37','','2014-09-30 17:25:02','1993-08-13 05:08:17'),
('38','38','','2019-10-30 22:24:42','1982-05-16 20:10:45'),
('39','39','','1999-04-27 02:21:07','1985-03-04 11:04:08'),
('40','40','','1981-03-27 00:02:15','2004-05-08 15:34:11'),
('41','41','','1992-01-10 01:14:42','1999-07-31 01:28:56'),
('42','42','','2010-11-29 15:27:28','2017-01-01 10:04:05'),
('43','43','','1974-07-07 08:04:07','2010-04-29 01:53:32'),
('44','44','','2011-11-10 16:29:02','2010-01-15 10:10:12'),
('45','45','','1998-12-21 09:26:28','1983-12-08 21:39:34'),
('46','46','','1988-03-18 03:38:33','1972-07-22 06:20:21'),
('47','47','','1997-06-30 22:40:00','2014-10-28 13:33:14'),
('48','48','','2001-01-09 12:51:01','2019-12-30 17:40:15'),
('49','49','','1970-05-16 06:17:10','1988-08-29 09:26:37'),
('50','50','','1995-09-25 09:41:59','2007-01-30 12:44:58'),
('51','51','','1988-04-26 01:36:52','1970-12-17 17:09:48'),
('52','52','','2000-02-07 16:44:21','1976-10-12 02:57:41'),
('53','53','','1970-08-13 03:25:20','2007-12-19 20:05:35'),
('54','54','','1996-07-26 12:27:36','2014-05-14 16:41:33'),
('55','55','','1984-04-03 23:07:50','1982-05-31 23:39:40'),
('56','56','','1993-02-24 02:17:24','2001-05-16 03:46:04'),
('57','57','','1972-02-13 17:05:43','1995-12-01 04:31:22'),
('58','58','','2018-02-06 19:24:25','2004-03-07 18:48:56'),
('59','59','','1986-04-10 15:42:11','1998-07-09 04:31:47'),
('60','60','','1998-11-05 15:09:37','2016-08-22 03:58:50'),
('61','61','','2003-12-09 18:33:39','1971-08-28 10:10:37'),
('62','62','','1988-10-04 09:11:31','1998-01-21 00:04:59'),
('63','63','','2016-12-13 12:01:07','1971-01-21 08:51:36'),
('64','64','','1978-10-30 21:15:22','1976-08-07 09:52:31'),
('65','65','','1996-05-21 18:52:23','1996-02-23 15:59:18'),
('66','66','','1995-04-02 18:22:38','1993-06-07 18:18:25'),
('67','67','','1974-04-18 19:55:25','1980-08-29 06:47:46'),
('68','68','','1997-06-29 15:46:30','1999-05-29 05:55:11'),
('69','69','','2005-10-10 06:52:43','1980-06-09 04:02:21'),
('70','70','','1989-06-20 01:40:34','1987-12-25 18:33:15'),
('71','71','','2012-01-02 05:50:37','2011-08-05 18:25:29'),
('72','72','','1979-03-11 23:56:34','1975-07-19 13:40:41'),
('73','73','','1989-11-23 02:43:17','2014-07-27 22:57:42'),
('74','74','','1998-06-09 13:45:32','2001-08-18 06:20:03'),
('75','75','','2000-09-29 09:59:37','1987-10-23 19:29:03'),
('76','76','','1981-09-14 04:56:35','2002-10-05 05:51:58'),
('77','77','','1990-05-24 04:12:48','2009-09-30 22:52:18'),
('78','78','','2003-06-17 19:33:35','2005-07-15 07:37:26'),
('79','79','','2003-11-06 15:12:26','2003-02-23 00:35:05'),
('80','80','','1992-06-01 17:04:34','1993-07-17 14:58:46'),
('81','81','','1993-10-18 22:59:25','1995-12-13 07:47:58'),
('82','82','','1999-07-13 05:22:30','1992-01-19 19:50:08'),
('83','83','','1997-10-01 12:26:11','1977-06-23 07:59:51'),
('84','84','','1989-08-28 08:04:52','1990-11-21 10:35:26'),
('85','85','','2003-02-09 14:47:19','2014-09-01 08:53:05'),
('86','86','','2014-06-06 15:32:00','1976-02-24 02:09:39'),
('87','87','','1980-11-05 02:21:46','1996-09-12 13:37:08'),
('88','88','','2012-11-18 03:10:25','2015-11-25 05:14:13'),
('89','89','','1981-06-13 22:57:05','1986-04-12 15:39:10'),
('90','90','','2001-07-06 14:32:50','1995-01-19 03:32:52'),
('91','91','','1973-10-29 01:24:05','1978-08-30 01:38:18'),
('92','92','','1987-04-30 01:17:29','2002-11-07 09:53:25'),
('93','93','','1986-05-04 11:46:33','1978-03-22 10:58:08'),
('94','94','','1972-06-22 17:43:42','1979-04-19 18:29:45'),
('95','95','','1984-04-04 19:31:31','1988-03-26 11:10:29'),
('96','96','','1974-10-23 02:36:04','1999-12-16 09:56:53'),
('97','97','','1988-04-09 07:25:11','2003-02-02 09:24:09'),
('98','98','','1976-12-18 16:58:38','1982-02-20 12:07:11'),
('99','99','','1984-09-22 03:38:08','1979-08-31 07:30:57'),
('100','100','','1986-11-13 02:40:36','1988-05-30 13:15:13'); 


DROP TABLE IF EXISTS `likes`;
CREATE TABLE `likes` (
  `id` bigint(20) unsigned NOT NULL AUTO_INCREMENT,
  `user_id` bigint(20) unsigned NOT NULL,
  `media_id` bigint(20) unsigned NOT NULL,
  `created_at` timestamp NOT NULL DEFAULT current_timestamp(),
  PRIMARY KEY (`id`),
  KEY `user_id` (`user_id`),
  KEY `media_id` (`media_id`),
  CONSTRAINT `likes_ibfk_1` FOREIGN KEY (`user_id`) REFERENCES `users` (`id`),
  CONSTRAINT `likes_ibfk_2` FOREIGN KEY (`media_id`) REFERENCES `media` (`id`)
) ENGINE=InnoDB AUTO_INCREMENT=101 DEFAULT CHARSET=utf8 COLLATE=utf8_unicode_ci;

INSERT INTO `likes` VALUES ('1','1','1','1982-07-07 16:55:38'),
('2','2','2','1988-09-01 13:35:00'),
('3','3','3','1992-11-18 14:12:57'),
('4','4','4','2007-12-14 12:14:19'),
('5','5','5','2009-02-09 04:28:20'),
('6','6','6','1979-07-03 09:37:59'),
('7','7','7','1979-03-17 06:16:42'),
('8','8','8','1998-12-01 12:13:24'),
('9','9','9','2008-11-25 00:30:58'),
('10','10','10','2002-05-19 00:29:22'),
('11','11','11','1996-02-23 13:32:12'),
('12','12','12','1987-02-08 10:19:06'),
('13','13','13','1972-11-17 07:40:28'),
('14','14','14','1987-05-30 00:08:55'),
('15','15','15','1991-06-05 22:57:50'),
('16','16','16','1971-06-02 04:42:56'),
('17','17','17','1982-06-27 03:33:40'),
('18','18','18','1991-08-21 18:57:15'),
('19','19','19','2002-07-27 13:00:54'),
('20','20','20','1970-10-26 19:13:37'),
('21','21','21','2005-02-17 08:19:50'),
('22','22','22','1977-11-11 14:06:00'),
('23','23','23','2009-02-25 23:03:25'),
('24','24','24','1993-09-16 01:32:42'),
('25','25','25','1979-07-04 19:36:34'),
('26','26','26','2018-02-05 18:46:54'),
('27','27','27','2008-07-24 11:51:53'),
('28','28','28','2001-12-13 15:21:29'),
('29','29','29','2008-05-27 09:32:42'),
('30','30','30','2012-04-09 08:16:38'),
('31','31','31','1971-06-15 19:42:57'),
('32','32','32','1999-08-14 15:23:19'),
('33','33','33','1994-12-05 17:42:52'),
('34','34','34','1997-09-15 03:48:14'),
('35','35','35','1987-08-13 02:26:01'),
('36','36','36','1984-05-20 17:32:37'),
('37','37','37','1982-06-09 12:26:57'),
('38','38','38','1986-10-25 07:48:52'),
('39','39','39','1986-06-20 02:10:45'),
('40','40','40','1974-01-19 05:33:59'),
('41','41','41','1974-09-26 14:07:49'),
('42','42','42','2000-08-07 21:13:32'),
('43','43','43','2002-02-08 07:59:09'),
('44','44','44','1980-09-09 08:48:04'),
('45','45','45','1971-10-26 15:52:50'),
('46','46','46','2017-11-19 22:09:09'),
('47','47','47','2017-01-10 03:32:24'),
('48','48','48','1978-07-02 07:50:37'),
('49','49','49','2009-07-16 11:14:08'),
('50','50','50','1972-04-10 01:39:37'),
('51','51','51','2012-07-19 12:16:30'),
('52','52','52','2015-03-11 00:52:56'),
('53','53','53','2006-08-10 03:13:50'),
('54','54','54','1998-05-16 15:53:15'),
('55','55','55','1970-01-06 10:39:33'),
('56','56','56','1991-11-13 23:39:51'),
('57','57','57','1993-05-08 08:43:47'),
('58','58','58','1987-09-17 10:21:09'),
('59','59','59','2011-10-06 00:00:21'),
('60','60','60','1971-02-20 23:26:42'),
('61','61','61','1984-03-27 07:37:35'),
('62','62','62','1973-12-17 02:19:42'),
('63','63','63','1990-10-09 22:21:25'),
('64','64','64','1971-06-22 17:38:23'),
('65','65','65','2007-07-24 21:41:13'),
('66','66','66','1990-03-29 17:03:43'),
('67','67','67','1990-09-11 20:18:35'),
('68','68','68','1986-04-04 14:40:19'),
('69','69','69','2002-10-19 01:16:22'),
('70','70','70','2002-01-13 20:57:17'),
('71','71','71','1970-01-20 12:46:07'),
('72','72','72','2019-09-29 15:08:48'),
('73','73','73','1991-05-03 06:44:32'),
('74','74','74','1977-08-10 15:43:28'),
('75','75','75','1987-02-12 01:30:04'),
('76','76','76','2015-05-14 12:12:23'),
('77','77','77','1998-05-20 21:18:17'),
('78','78','78','2011-06-29 08:51:10'),
('79','79','79','1998-07-04 06:57:11'),
('80','80','80','2000-09-20 14:11:01'),
('81','81','81','1982-07-13 09:13:50'),
('82','82','82','1994-10-08 04:28:08'),
('83','83','83','2015-03-15 20:35:38'),
('84','84','84','2014-03-01 16:15:21'),
('85','85','85','1994-04-21 04:52:39'),
('86','86','86','1997-08-03 04:57:55'),
('87','87','87','2013-08-23 10:17:33'),
('88','88','88','2008-10-12 03:53:01'),
('89','89','89','1987-01-12 03:47:24'),
('90','90','90','1985-03-29 00:55:45'),
('91','91','91','2019-09-05 05:18:01'),
('92','92','92','1970-05-18 04:02:26'),
('93','93','93','1985-02-04 12:51:48'),
('94','94','94','1980-03-31 01:57:22'),
('95','95','95','1977-04-13 05:40:07'),
('96','96','96','2000-09-25 03:48:05'),
('97','97','97','1992-10-15 08:32:15'),
('98','98','98','1975-12-03 14:31:34'),
('99','99','99','1991-04-09 04:31:01'),
('100','100','100','1985-01-13 14:52:32'); 


DROP TABLE IF EXISTS `media`;
CREATE TABLE `media` (
  `id` bigint(20) unsigned NOT NULL AUTO_INCREMENT,
  `media_type_id` bigint(20) unsigned NOT NULL,
  `user_id` bigint(20) unsigned NOT NULL,
  `body` text COLLATE utf8_unicode_ci DEFAULT NULL,
  `filename` varchar(255) COLLATE utf8_unicode_ci DEFAULT NULL,
  `size` int(11) DEFAULT NULL,
  `created_at` datetime DEFAULT NULL,
  `updated_at` timestamp NOT NULL DEFAULT current_timestamp() ON UPDATE current_timestamp(),
  PRIMARY KEY (`id`),
  KEY `user_id` (`user_id`),
  KEY `media_type_id` (`media_type_id`),
  CONSTRAINT `media_ibfk_1` FOREIGN KEY (`user_id`) REFERENCES `users` (`id`),
  CONSTRAINT `media_ibfk_2` FOREIGN KEY (`media_type_id`) REFERENCES `media_types` (`id`)
) ENGINE=InnoDB AUTO_INCREMENT=101 DEFAULT CHARSET=utf8 COLLATE=utf8_unicode_ci;

INSERT INTO `media` VALUES ('1','1','1','Omnis ipsam quia dicta et quam rerum sapiente. Delectus eaque autem non a. Occaecati recusandae omnis cum quisquam porro. Et nam dolorum iusto magnam voluptatem non placeat. Eaque est optio omnis sed expedita vel alias.','facere','9','1987-05-20 10:08:57','2005-03-30 20:40:41'),
('2','2','2','Aliquam aut omnis quos accusamus occaecati. Suscipit ab dolorum inventore aut aut. Soluta aut quis hic.','quidem','544','2010-08-11 21:44:13','1976-04-10 10:15:51'),
('3','3','3','Dolorem fugit ipsum in culpa sunt expedita natus aliquam. Sed non tempore laudantium vitae est rerum. Consectetur voluptatem quas dolor et tenetur. Doloribus suscipit dolor cupiditate et consequatur.','quia','22372','2012-06-08 12:14:24','1996-04-15 10:39:12'),
('4','4','4','Doloremque voluptates omnis voluptates commodi provident. Provident eum minus inventore esse nihil quaerat qui praesentium. Non ipsam autem consequatur numquam repellendus laudantium assumenda iusto. Incidunt omnis similique et velit sit dolorem quasi est.','ut','0','2008-03-09 01:18:05','2018-04-04 05:13:03'),
('5','5','5','Nihil labore deleniti placeat excepturi adipisci fuga. Architecto ut necessitatibus aspernatur quasi voluptatum optio. Dolores natus aperiam minus eius. Totam possimus suscipit reiciendis ut omnis tenetur corrupti id.','similique','8720','1983-07-12 05:13:32','2003-03-06 03:47:57'),
('6','6','6','Quo unde et dolorem omnis veritatis sequi. Suscipit et recusandae deserunt doloremque similique velit. Culpa nihil reiciendis nam. Harum deserunt magnam consectetur assumenda mollitia quos.','corporis','327','2018-10-09 11:41:43','1997-08-26 01:44:55'),
('7','7','7','Possimus rerum ipsam quod autem natus est. Dolorem provident magni incidunt facere aut rerum. Reiciendis et quos explicabo quas sed esse. Ut sint dolor nisi et. Animi aut incidunt quasi ipsum non qui iste.','consequatur','7485','2004-06-26 17:22:49','2011-03-19 08:06:14'),
('8','8','8','Natus aspernatur qui totam velit quia qui. Voluptas officiis nam et totam officia aut quos. Rem sed modi ab quas. Iste quia placeat facere tenetur debitis ut.','qui','15','1987-04-20 08:58:00','2012-08-20 01:34:55'),
('9','9','9','Vel iusto veniam at illo. Totam ipsum ut non omnis ut. Est quam libero maiores sit asperiores.','laudantium','67645','2019-01-24 19:22:07','2001-11-20 00:12:19'),
('10','10','10','Quibusdam amet doloremque hic consequatur optio deleniti. Dolores qui soluta quia optio rerum. Temporibus corporis et repellendus dolor voluptate.','aut','0','2002-05-17 05:32:02','1973-02-01 05:44:07'),
('11','11','11','Magnam eos eos veritatis rerum maxime perspiciatis sit eveniet. Exercitationem cum vero ut delectus nobis. Reprehenderit veniam libero molestiae unde minus est ad. Harum et laudantium iste voluptas sit ad voluptatem aut.','reprehenderit','7774','1970-07-05 15:28:22','1982-11-25 23:30:14'),
('12','12','12','Nam voluptatem sunt omnis dolor eaque ex ut. Magni quia perferendis quis beatae commodi vel.','in','86870614','1993-05-07 07:10:38','1980-10-01 11:02:59'),
('13','13','13','Illo placeat aliquam eius. Commodi est illum dolorum rerum eligendi eos cumque. Aut voluptate et animi et. Magnam dignissimos quidem qui cum tempora aut modi nihil.','cumque','855','1973-03-09 12:48:00','1982-10-09 00:43:44'),
('14','14','14','Dicta quo odio voluptatem est facilis exercitationem sint. Qui quis magni enim inventore voluptate adipisci corporis. Itaque harum hic quae sunt molestiae dolor perferendis.','sed','70476','2015-01-28 01:46:01','2000-02-13 09:01:32'),
('15','15','15','Unde odio aut beatae eos veritatis repellendus. Soluta dolor nihil dolorum sint. Eius sed officiis reprehenderit sunt.','in','24057997','1991-06-03 20:54:12','2017-04-23 16:42:05'),
('16','16','16','Asperiores voluptatem veniam dolor quia et. Dolores magni qui et repellendus et. Commodi deleniti nisi illo delectus reprehenderit quisquam.','delectus','3170091','1972-08-25 12:25:00','2015-02-06 00:52:22'),
('17','17','17','Ut sed aut cumque distinctio tempora. Omnis maiores dolorum et et. Ut quasi est enim necessitatibus recusandae ut totam aut. Dolor reprehenderit consectetur doloribus a fugit quisquam omnis.','asperiores','6839','2003-08-04 02:51:15','2017-07-30 08:52:12'),
('18','18','18','Ea omnis necessitatibus et ut quo suscipit. Est nihil id repellat eum aut. Iste quia omnis illum a hic aut. Voluptates dolore qui ipsa vel impedit.','harum','1390725','1975-07-25 16:33:58','1972-12-30 17:13:12'),
('19','19','19','Cumque quas tempora est modi occaecati. Voluptatibus pariatur laboriosam nihil. Beatae dicta velit voluptate pariatur accusantium officiis facilis autem. Quia praesentium enim quasi dolorum quo quia corrupti.','dolores','7187858','1972-12-26 21:26:03','1986-05-24 12:58:25'),
('20','20','20','Tempore eos sint magni qui. Magni ut architecto quisquam. Consectetur magnam commodi mollitia in quidem assumenda. Ut illum doloremque ipsam accusamus aut aliquid id.','rerum','0','1985-05-20 08:48:20','2016-02-15 05:42:33'),
('21','21','21','Illo ipsum odit molestias. Optio numquam suscipit cum ipsum sed id. Aut quam consequuntur impedit dolorem.','dolorum','98709519','1975-01-25 08:38:48','1995-01-07 19:02:37'),
('22','22','22','Eos nisi expedita fugiat quia quae voluptas. Dolor in pariatur beatae quisquam molestias culpa dignissimos dolorem. Repellat quam quibusdam in suscipit aut.','optio','751248','1982-06-27 12:02:11','1992-11-20 00:36:08'),
('23','23','23','Quisquam architecto quod asperiores rem totam aut. Modi quod deserunt eos qui occaecati quidem vel. Earum quia eaque non perferendis vitae deserunt.','aperiam','797646','1979-07-19 13:03:41','1975-04-20 07:01:54'),
('24','24','24','Ratione sit est nobis consequatur rerum iure quibusdam. Qui sunt aut modi quos qui a eos. Recusandae consequatur adipisci cupiditate quia vitae autem suscipit perspiciatis.','pariatur','99473','1983-01-22 19:41:08','1989-05-25 07:02:17'),
('25','25','25','Ullam corrupti autem officiis quis cum vel. Hic possimus dolorum voluptate natus laudantium expedita. Consequuntur vero qui eveniet voluptatem maiores.','aut','546802566','2008-11-17 21:40:26','1975-05-07 21:52:41'),
('26','26','26','Id quaerat placeat saepe voluptas est. Iure consequuntur doloremque necessitatibus. Placeat sint error ut ipsum consectetur. Non eum odit commodi sint.','sit','50696','2002-11-20 23:18:07','1972-04-25 22:47:15'),
('27','27','27','Aut qui beatae qui autem tempora blanditiis. Tenetur perferendis repellat officia quos sed non. Vel blanditiis iure iusto. Eum dicta doloremque qui omnis pariatur.','beatae','3263040','2005-01-05 07:14:58','1996-01-18 23:39:44'),
('28','28','28','Debitis nisi odio consequatur totam aut nemo esse. Voluptatem amet dolorem quis non consequuntur facere.','et','0','1996-09-04 02:36:14','2009-01-01 13:58:17'),
('29','29','29','Temporibus eum et expedita id. Voluptas reprehenderit rerum eligendi fuga nesciunt. Enim quaerat doloremque dolores quis.','placeat','68','1996-06-10 14:51:04','1986-08-19 19:28:30'),
('30','30','30','Excepturi velit ullam iusto sint. In a fugiat sint maiores natus dolores et. Ut necessitatibus ab dolores.','quia','8511547','1974-06-17 19:04:44','1983-05-19 00:55:08'),
('31','31','31','Laborum accusantium ipsa fugiat sed ut dicta. Reprehenderit consequatur ea debitis delectus. Necessitatibus quo consequatur et culpa.','pariatur','394','2002-01-02 22:55:22','1993-11-26 01:31:23'),
('32','32','32','Et architecto labore eaque totam. Aut est molestiae voluptatem maiores asperiores quia perferendis. Vel ab ad necessitatibus in fugit esse nemo. Autem sed similique impedit et laudantium qui consequatur.','cum','64','1980-07-11 22:48:15','1971-02-01 07:45:05'),
('33','33','33','Quae nihil eos quo beatae odio ut. Aperiam omnis dignissimos animi perferendis tenetur nostrum asperiores. Dolores debitis placeat maxime quia. Corrupti et aliquid dolorem.','cum','807','2009-05-02 21:53:37','2007-11-26 16:22:33'),
('34','34','34','At voluptatem cum quaerat quam temporibus. Sequi suscipit nemo et quis molestias ea repellat. Fuga quia fugit consequuntur sed dolorem corporis et et.','similique','10169','1995-07-14 08:42:23','1977-03-26 10:38:43'),
('35','35','35','Impedit dolore tenetur velit animi. Maxime ut aperiam tenetur veniam similique architecto provident. Quidem et magnam et sint rerum.','recusandae','1','1982-11-24 06:54:47','1999-04-20 01:50:11'),
('36','36','36','Error sit voluptas nulla et corporis. Esse nesciunt est soluta libero quo in maiores. Provident rerum consequatur saepe quae libero. Blanditiis maiores cum aut architecto.','commodi','3781','1971-07-06 06:09:39','1997-05-23 10:28:42'),
('37','37','37','Maxime odio qui voluptatibus nemo iste adipisci eveniet. Nemo assumenda officia sit. Deleniti illo quo dicta. Qui assumenda ab eos similique aspernatur est. Eveniet libero sit illum quibusdam.','aut','13065651','2006-05-01 13:49:11','1977-11-09 16:25:12'),
('38','38','38','Sed in rerum architecto rem. Consequatur et tempore error unde. Repudiandae porro ea eos culpa sed explicabo. Iusto cumque autem voluptate qui.','amet','9173735','2012-09-01 17:02:48','1979-11-14 23:34:23'),
('39','39','39','Est reprehenderit nihil ut quia. Quo at accusantium ut minima similique. Modi pariatur nesciunt inventore sequi voluptate repudiandae. Impedit laudantium est omnis. Aspernatur nulla reprehenderit aliquid qui adipisci omnis est.','impedit','59571','2006-12-23 09:22:30','2018-09-24 09:30:18'),
('40','40','40','Harum recusandae perspiciatis voluptatem tempora et. Deserunt voluptatem assumenda sit.','nihil','293','1982-02-22 14:44:20','1974-06-01 01:29:55'),
('41','41','41','Debitis eos dolorem recusandae aut nesciunt. Quo dolorem iure reprehenderit nostrum. A itaque eaque voluptatum voluptas facere et et.','neque','908022945','2015-05-30 01:13:20','2018-08-20 19:14:02'),
('42','42','42','Enim odio laboriosam harum id cum quia. Non quisquam sint nihil delectus sed. Ut est assumenda aut et dolorem velit.','ratione','706827','1983-09-24 08:43:20','1978-06-11 21:13:30'),
('43','43','43','Commodi veniam est laborum molestiae rerum eligendi minima. Voluptatem aut et excepturi nam veritatis odit. Quia est rerum eveniet eum dicta laudantium illum. Debitis in dolorem fuga aspernatur est.','eveniet','27','2007-12-28 00:25:14','1975-02-09 11:29:56'),
('44','44','44','Optio ut perferendis fugiat saepe voluptatem cum aliquam. Deserunt voluptatem non facilis magnam quo laborum. Architecto voluptate et ad qui veritatis non at maiores.','ut','8203','1997-09-28 06:16:14','2011-12-27 14:16:08'),
('45','45','45','Aut quis modi ut animi. Dolores consectetur cupiditate quasi est cum vel. Sed iste sint odio ipsum. Fugiat consectetur quibusdam error quam assumenda qui ipsum deleniti.','enim','38642','1989-02-07 23:15:48','1993-12-02 09:59:41'),
('46','46','46','Et iusto id rerum facilis qui distinctio. Fugit ut ea quis. Est veniam placeat inventore dolorum voluptatem quos dicta.','dicta','6281095','1981-08-27 03:49:15','1979-08-18 15:40:02'),
('47','47','47','Est aut et dolor eius. Quas voluptatem molestias rerum enim excepturi unde quis. Occaecati voluptatem sed quidem quia in aperiam. Sit qui provident quibusdam doloremque eos dolores dicta. Itaque nesciunt saepe amet soluta recusandae.','laboriosam','8515626','2007-10-31 04:51:34','1988-12-29 09:09:03'),
('48','48','48','Ratione maxime omnis magni excepturi qui cum et incidunt. Architecto perferendis rerum provident dolor vel cumque animi neque. Consequatur expedita quos impedit.','ad','16','2018-12-27 18:22:06','2004-04-26 14:33:14'),
('49','49','49','Dignissimos neque cumque aspernatur quo. Nobis dolor officia autem sed laudantium laboriosam. Voluptatem adipisci quisquam perferendis accusamus et ullam saepe.','explicabo','554611','2002-10-04 01:44:43','1994-01-31 19:02:48'),
('50','50','50','Magni accusantium quo velit in perferendis fuga. Quaerat fugit qui veniam aut et.','aut','1732','2010-01-14 02:56:49','1972-07-17 00:25:40'),
('51','51','51','Vitae amet consequatur vitae distinctio deleniti soluta non assumenda. Est nam quia voluptatem itaque eius doloremque in. Deleniti eligendi suscipit nam libero dolores accusamus. Nihil et aliquid similique minima dolorem optio.','ipsam','57367','2004-02-10 05:37:39','1973-01-06 11:04:47'),
('52','52','52','Dolorem quidem reprehenderit ratione est. Earum tempora laudantium adipisci ut repellat. Voluptates officiis dicta placeat tempora sint hic eum.','sit','4','1983-10-15 16:38:52','1970-10-08 05:19:32'),
('53','53','53','Et explicabo sapiente delectus reprehenderit reprehenderit adipisci quos. Maxime quia sed veritatis sint. Sint quia placeat consectetur sapiente. Nihil cumque suscipit id a placeat.','iure','603933','2007-05-15 18:08:55','1988-03-26 16:21:09'),
('54','54','54','Aut neque harum voluptatem autem debitis deserunt laboriosam quisquam. Ex aliquam impedit autem accusantium consequatur sequi voluptas. Optio magni impedit voluptate et. Velit nihil est pariatur tempore harum repellat.','et','348941','1980-09-20 10:20:18','1994-07-15 05:48:55'),
('55','55','55','Id magni commodi autem odit et. Dolores sed nulla animi dicta. Dolore rerum quidem earum quae sit vitae aut dignissimos. Aut impedit aut dolores officia nisi et soluta. Harum fugit velit et non tempore error.','assumenda','9796','2005-06-03 01:26:51','2017-09-06 14:17:34'),
('56','56','56','Dignissimos beatae ut quam. Sed ipsam ipsa cum ipsum et temporibus maxime molestiae. Sed asperiores et cum ducimus debitis.','recusandae','26','2017-02-23 02:36:43','1996-01-25 05:15:23'),
('57','57','57','Reprehenderit qui eaque delectus tempora saepe. Cupiditate dolorum inventore temporibus consequatur asperiores odio rerum. Et quia quas et dolorem eum non.','libero','285404','2016-12-31 18:11:49','2011-07-11 12:23:42'),
('58','58','58','Consequatur eos alias dignissimos quia. Dolorem placeat dolorem labore fuga sapiente et. Magnam sed quis repellat voluptatem. Nobis est ratione corrupti optio neque.','corporis','58686518','1979-12-18 14:35:42','2004-04-27 14:35:03'),
('59','59','59','Numquam sequi qui quod enim. Nemo quia provident autem.','consequatur','6','2005-09-04 03:48:22','2013-04-02 04:18:58'),
('60','60','60','Perferendis voluptates hic illum commodi. Quaerat beatae mollitia at accusamus iste eum voluptatem. Ut culpa quibusdam voluptatem.','est','0','2010-03-12 07:13:40','1970-03-20 10:13:30'),
('61','61','61','Et aut eaque ea ut. Incidunt quibusdam est rem ad debitis unde. Omnis et nisi dolorum aspernatur minus et.','quam','21314','1987-08-29 21:11:33','2018-11-16 08:40:56'),
('62','62','62','Cupiditate omnis eaque et illum voluptas. Blanditiis sed magni exercitationem velit quo recusandae. Magnam sit dicta eveniet eveniet quia explicabo.','qui','966869987','2010-06-27 05:48:44','1988-06-03 17:42:59'),
('63','63','63','Ut officia quam ad sed earum ex voluptatem labore. Adipisci commodi sunt qui. Voluptatibus possimus veritatis reiciendis placeat possimus sapiente aut.','sunt','0','2006-05-27 03:11:02','1974-01-21 07:03:28'),
('64','64','64','Reiciendis sed eum aut animi. Quas deleniti aut cupiditate quisquam. Eos aliquam eum voluptatem.','odio','760','1973-12-27 10:36:23','1992-12-28 09:36:59'),
('65','65','65','Id sint et nostrum aliquid est. Possimus quia repudiandae at nihil et. Perferendis minus corrupti saepe corrupti commodi.','aliquam','311905','1991-01-16 17:49:44','1979-12-31 03:36:00'),
('66','66','66','Labore et id optio sed. Veniam enim qui sed. Quae qui aut repudiandae recusandae a vel laboriosam.','nisi','0','1984-04-01 21:46:55','1997-07-10 12:36:05'),
('67','67','67','Et incidunt voluptatem eos ducimus nostrum blanditiis. Dolore non non aspernatur accusamus. Aliquid perferendis est adipisci et fugiat pariatur et.','dicta','2','2000-04-21 08:40:19','1974-10-26 01:18:16'),
('68','68','68','Rerum dignissimos ut porro ipsum cupiditate magnam. Incidunt voluptatem eligendi consequatur minus odio. Soluta inventore repellat atque molestiae aut illum. Voluptas est vel veritatis reiciendis nesciunt.','assumenda','22','1998-10-07 12:44:25','2009-04-12 22:32:41'),
('69','69','69','Est repellendus nostrum a minus. Quis nihil aliquid distinctio dolore architecto aut. Illo ut omnis totam ut. Ut tempore quod ipsam est dignissimos.','placeat','966286','1972-04-12 22:46:43','2011-04-28 07:42:33'),
('70','70','70','Aut amet nisi et rerum ipsam beatae enim. Esse explicabo possimus laboriosam. Sit quibusdam neque tempora. Architecto nemo doloremque quo.','tempore','597284791','2019-10-29 01:09:38','1985-08-15 17:33:13'),
('71','71','71','Omnis voluptatem ipsam sequi possimus sit similique consequatur. Accusantium recusandae et rerum iusto aspernatur numquam. Adipisci sunt quia accusamus maiores placeat pariatur odio.','consectetur','99768585','1994-09-02 14:35:47','1997-11-22 03:25:45'),
('72','72','72','Veniam quibusdam corrupti aliquid at. Quia architecto harum dolorem omnis temporibus error culpa. Sint et dignissimos est dicta provident modi aperiam. Perferendis assumenda voluptatem rerum.','maxime','2','2015-09-05 22:53:24','1981-07-11 18:20:58'),
('73','73','73','Odit aut eos eos error eum. Voluptatem ipsum provident doloremque dolorum. Ratione consequatur pariatur autem asperiores.','et','90522217','2008-11-06 11:52:42','1994-02-28 10:05:37'),
('74','74','74','Et voluptates voluptatum ut iure et. Perspiciatis saepe pariatur totam explicabo accusantium. Consectetur ea porro quia et modi sunt cumque. Doloribus itaque omnis omnis debitis labore enim doloribus.','odit','780','2002-08-24 13:02:06','1980-01-21 20:19:07'),
('75','75','75','Dolorum qui harum natus molestiae minus quo doloribus. Sit architecto perspiciatis culpa architecto qui error.','vitae','7595','1978-02-09 20:35:30','2006-09-14 04:02:42'),
('76','76','76','Beatae et non et aut cum est. Voluptas occaecati qui consequatur nemo quod velit sed. Molestiae nobis natus sit consectetur architecto suscipit sequi. Totam aut officia esse voluptas iste porro id.','dicta','44100788','2018-01-03 21:03:50','2009-02-14 17:44:05'),
('77','77','77','Aut qui sunt aut facilis officiis est. Voluptatem aliquid voluptas voluptates eos.','officiis','6458','2013-10-22 17:33:45','2003-12-14 21:38:03'),
('78','78','78','Illo quia sit tempore dolorem possimus. Sint voluptas sint consequatur consectetur consequatur alias. Repellendus aut possimus ut sed beatae dolore repudiandae. Suscipit molestias et perspiciatis quam ut.','necessitatibus','2294896','1973-08-09 20:43:34','1989-01-29 13:46:35'),
('79','79','79','Ea unde ratione non aperiam. Voluptas laboriosam maxime illum quaerat. Veritatis aperiam hic expedita reiciendis aliquid natus delectus quia. Incidunt in nam eveniet qui ad aut.','nam','86246762','2016-10-26 01:42:16','2001-11-03 11:37:38'),
('80','80','80','Quis voluptatem aliquam quibusdam aut. Itaque ratione voluptatibus aut quasi ipsam exercitationem qui. Quam optio eius eius sunt praesentium optio ad.','molestiae','492761977','1976-10-22 00:42:33','1982-11-04 23:52:00'),
('81','81','81','Ad ipsam nulla fuga voluptates labore. Eaque atque ut porro voluptates eos recusandae et. Labore pariatur debitis quis id veniam aspernatur omnis voluptatem.','cupiditate','627239','1992-10-29 03:13:54','1979-12-17 12:55:12'),
('82','82','82','Placeat dignissimos ipsum nam voluptatem rerum ut. Libero facere distinctio unde ut ab rerum eum. A reprehenderit magni eius nihil consequatur itaque laborum. Et quia praesentium consequatur est temporibus qui laboriosam adipisci.','occaecati','34388160','2016-05-21 00:32:38','2000-11-13 08:55:42'),
('83','83','83','Corrupti ab sit dolorum et eligendi necessitatibus aut aspernatur. Est ipsum quae ut consequuntur quae. Ratione dolorem ut et laboriosam provident soluta sint recusandae. A voluptate ea vel at.','consectetur','94233','2016-06-28 15:52:29','1971-01-10 09:50:09'),
('84','84','84','A id quia amet minus magni facilis blanditiis. Vero qui provident est accusamus. Qui a sunt voluptas veritatis officiis. At animi distinctio aut aliquid ad ut recusandae.','saepe','53195','2012-04-17 07:42:36','1992-01-22 03:33:54'),
('85','85','85','Eius voluptates inventore deserunt ratione ut error id. Cupiditate cum nihil facere non minus voluptas ratione.','numquam','4652','1986-05-30 10:47:10','2009-06-30 15:58:07'),
('86','86','86','Illo exercitationem veniam sit aliquid. Eum in sequi voluptatem et cupiditate dignissimos. Et ipsam illo provident velit eos suscipit.','et','571808815','1976-06-24 23:47:08','1971-07-26 03:09:15'),
('87','87','87','Enim sit nobis autem qui dignissimos. Sunt quia aliquam quod reprehenderit ex. Repellat maiores quibusdam totam.','fugit','9282','2016-11-05 20:27:42','1994-11-23 09:53:23'),
('88','88','88','Maxime maiores beatae sed. Dolorem sapiente quos aut hic nam quaerat in. Voluptas nemo aut error dolor reprehenderit amet enim accusamus. Labore totam et hic quo vitae odit.','dolor','626920042','1986-07-14 02:38:19','1970-03-28 09:51:28'),
('89','89','89','Quaerat odit qui nulla quia. Asperiores dignissimos qui beatae corrupti ut. Id atque placeat nam omnis delectus. Ut sint incidunt velit.','et','4966','1990-06-06 04:48:24','2005-12-04 13:11:19'),
('90','90','90','Voluptas ab sint animi. Pariatur quia saepe voluptate nisi. Delectus eveniet assumenda fuga veniam labore.','repellat','7188','2011-09-30 21:57:41','1998-09-09 10:10:02'),
('91','91','91','Fuga hic in consequuntur recusandae assumenda. Odit blanditiis est vitae in ut. Dicta ipsam ipsam quis in.','accusamus','182480928','1982-08-15 00:02:05','1991-03-10 06:17:24'),
('92','92','92','Illo esse quia eum et. Voluptatem autem doloremque dolor ut veniam aut commodi. Omnis praesentium minima debitis accusamus deserunt sunt consequatur. Odit a qui at labore doloribus.','blanditiis','7831','2005-08-31 15:03:13','1980-09-06 10:35:12'),
('93','93','93','Facilis aut repudiandae quasi laudantium debitis qui. Veritatis beatae iusto ex accusamus. Ipsa dolorem est quis amet placeat maxime doloremque.','eum','0','1995-05-20 07:38:24','1994-09-11 19:13:07'),
('94','94','94','Incidunt quidem aut iusto aliquid eos quos. Voluptatem velit accusantium et iusto natus. Sed facilis magnam sunt ut sit.','et','6030600','1997-01-12 21:43:07','2009-09-21 17:31:15'),
('95','95','95','Blanditiis vitae ut illo molestiae eos dolores et. Enim consequatur delectus expedita a temporibus. Reprehenderit voluptate consequatur architecto iusto et in qui.','et','1455','2018-08-17 02:53:41','2006-11-10 01:30:49'),
('96','96','96','Veritatis temporibus deleniti qui. Suscipit facere facilis consectetur. Praesentium optio provident et odio enim qui quod. Eligendi molestias cupiditate dolor exercitationem ad. Architecto tempore reiciendis et optio.','iste','87','2006-04-10 05:08:01','1993-12-22 00:09:44'),
('97','97','97','Quo iste similique nesciunt distinctio facere vero. Aspernatur quo a repudiandae perferendis. Dolor deserunt sit molestiae quas. Ullam et doloremque quia sequi iste non eos.','est','6792190','1972-09-26 08:34:42','2018-05-22 00:04:22'),
('98','98','98','Possimus repellendus sequi repudiandae. Rerum nisi aspernatur illum magni blanditiis.','quidem','7','1971-07-14 22:05:24','1996-12-28 06:17:54'),
('99','99','99','Voluptatem fugiat eaque in eligendi. Neque minima corrupti exercitationem.','cum','974822','2004-09-19 19:59:55','1987-10-22 11:41:11'),
('100','100','100','Laudantium officiis et ut sit officia aut ut praesentium. Aut a consequatur architecto ut delectus. Perferendis sit soluta nisi sunt aut velit molestiae quaerat. Qui repellat voluptates ea voluptatibus ipsa at aut quod.','atque','94966','1977-12-19 17:19:00','2005-04-15 19:05:10'); 


DROP TABLE IF EXISTS `media_types`;
CREATE TABLE `media_types` (
  `id` bigint(20) unsigned NOT NULL AUTO_INCREMENT,
  `name` varchar(150) COLLATE utf8_unicode_ci DEFAULT NULL,
  PRIMARY KEY (`id`)
) ENGINE=InnoDB AUTO_INCREMENT=101 DEFAULT CHARSET=utf8 COLLATE=utf8_unicode_ci;

INSERT INTO `media_types` VALUES ('1','reprehenderit'),
('2','accusamus'),
('3','est'),
('4','autem'),
('5','dolores'),
('6','non'),
('7','consectetur'),
('8','vitae'),
('9','qui'),
('10','quia'),
('11','quibusdam'),
('12','sunt'),
('13','ut'),
('14','facere'),
('15','animi'),
('16','itaque'),
('17','voluptas'),
('18','necessitatibus'),
('19','sit'),
('20','sunt'),
('21','corrupti'),
('22','dolorem'),
('23','culpa'),
('24','et'),
('25','molestiae'),
('26','est'),
('27','iste'),
('28','adipisci'),
('29','asperiores'),
('30','error'),
('31','enim'),
('32','enim'),
('33','molestias'),
('34','sunt'),
('35','voluptates'),
('36','architecto'),
('37','voluptatem'),
('38','sequi'),
('39','perferendis'),
('40','molestiae'),
('41','et'),
('42','animi'),
('43','odio'),
('44','qui'),
('45','quod'),
('46','est'),
('47','error'),
('48','error'),
('49','aliquam'),
('50','in'),
('51','iusto'),
('52','aut'),
('53','ullam'),
('54','placeat'),
('55','temporibus'),
('56','rerum'),
('57','rerum'),
('58','vero'),
('59','quae'),
('60','autem'),
('61','praesentium'),
('62','ex'),
('63','magnam'),
('64','accusantium'),
('65','magni'),
('66','labore'),
('67','culpa'),
('68','nostrum'),
('69','eos'),
('70','dicta'),
('71','aut'),
('72','autem'),
('73','asperiores'),
('74','pariatur'),
('75','ea'),
('76','et'),
('77','maiores'),
('78','fugiat'),
('79','nesciunt'),
('80','tempora'),
('81','animi'),
('82','et'),
('83','ullam'),
('84','consequatur'),
('85','magnam'),
('86','dolore'),
('87','unde'),
('88','et'),
('89','voluptatibus'),
('90','occaecati'),
('91','optio'),
('92','numquam'),
('93','aut'),
('94','et'),
('95','in'),
('96','sed'),
('97','sed'),
('98','laudantium'),
('99','fuga'),
('100','ut'); 


DROP TABLE IF EXISTS `messages`;
CREATE TABLE `messages` (
  `from_user_id` bigint(20) unsigned NOT NULL,
  `to_user_id` bigint(20) unsigned NOT NULL,
  `body` text COLLATE utf8_unicode_ci DEFAULT NULL,
  `createt_at` timestamp NOT NULL DEFAULT current_timestamp(),
  KEY `from_user_id` (`from_user_id`),
  KEY `to_user_id` (`to_user_id`),
  CONSTRAINT `messages_ibfk_1` FOREIGN KEY (`from_user_id`) REFERENCES `users` (`id`),
  CONSTRAINT `messages_ibfk_2` FOREIGN KEY (`to_user_id`) REFERENCES `users` (`id`)
) ENGINE=InnoDB DEFAULT CHARSET=utf8 COLLATE=utf8_unicode_ci;

INSERT INTO `messages` VALUES ('1','1','Suscipit suscipit in minima aut tempore. Ullam atque dolor qui placeat qui vel. Aut doloremque accusamus qui rem nihil pariatur nisi earum.','2017-09-04 07:41:38'),
('2','2','Soluta est adipisci aut magnam sint eaque suscipit. Qui beatae est alias et autem in. Illo odio quia totam. Nisi est enim expedita qui aperiam totam reprehenderit.','2010-01-07 05:04:48'),
('3','3','Sit sint eius nihil qui. Non minima voluptatem nihil atque delectus. Corporis non et praesentium quaerat possimus ad.','2004-11-02 09:41:50'),
('4','4','Perspiciatis quis deserunt nisi sed. Et veritatis quasi delectus aut quasi soluta officia similique. Aut minus soluta exercitationem occaecati qui. Ut iusto nisi dignissimos adipisci.','1997-03-04 07:20:53'),
('5','5','Consequatur ipsa asperiores totam laudantium. Adipisci sed rerum dolor cum excepturi. Cupiditate quasi consequatur fuga et necessitatibus ut.','1997-08-08 07:13:49'),
('6','6','Fugiat harum nam et labore. Laboriosam laboriosam deleniti aperiam cupiditate. Dolorem mollitia fugiat officia et velit aut. Voluptatem voluptatibus enim iste earum deserunt.','1975-06-08 07:41:13'),
('7','7','Inventore ratione voluptate et in. Sequi nemo dolorem aut quaerat eos et. Fugit repellat ratione quo eum officiis.','1978-02-01 22:07:46'),
('8','8','Voluptatem consequatur necessitatibus ut enim harum. Velit nam esse quis odio tempora tempore. Consequuntur dicta doloremque eos expedita sed natus eum.','1971-10-22 12:38:34'),
('9','9','Beatae quidem alias consequatur consectetur iusto minima quo. Est id saepe aut nihil qui vero. Saepe provident dolorem cum vel occaecati. Quae rerum aut exercitationem omnis quo quisquam.','2018-02-06 12:51:16'),
('10','10','Ducimus optio eligendi eligendi consectetur velit. Quia a cumque et in explicabo et. Et maxime dolores delectus repudiandae non reprehenderit blanditiis. Ipsa dicta consectetur tempora rerum.','1998-09-30 07:50:34'),
('11','11','Porro odit aliquam sapiente accusantium aut ducimus eos. Expedita distinctio in animi quo laborum. Fugiat et quo hic.','2014-12-08 13:42:26'),
('12','12','Accusamus dolores laudantium molestiae aut. Asperiores voluptas debitis voluptate dolorem eum explicabo. Veniam atque eius corporis hic nostrum. Provident aliquam corporis enim autem explicabo.','2019-07-20 08:56:15'),
('13','13','Quia non doloremque et officiis quidem atque fugiat. Consequatur id possimus quibusdam excepturi. Consequatur eius et consectetur neque qui. Quibusdam voluptates eos id.','2010-04-13 10:24:48'),
('14','14','Quas incidunt et labore ipsa. Voluptatibus non est ut. Itaque corporis quam tempora quae. Cumque cum est officiis et ut.','1993-03-09 07:36:35'),
('15','15','Omnis est veritatis rerum beatae placeat voluptates. Sit doloremque quas sapiente id maiores ducimus quam. Ad laudantium aut repellat et. Eos veritatis natus earum earum.','1990-12-23 07:15:59'),
('16','16','A et deserunt qui consequatur aliquid praesentium officia. Consequatur ea et quas modi enim doloribus aspernatur. Tempora eos molestiae officiis ab accusantium vero. Ea doloremque dolorem fugit aliquam rem vel cupiditate.','1982-11-13 11:42:57'),
('17','17','Iste voluptas doloremque eos iusto consequuntur. Consequatur voluptatem et impedit nostrum et molestiae. Quia aut ex in occaecati. Dolorem adipisci mollitia aliquam consectetur.','2009-07-08 04:43:16'),
('18','18','Necessitatibus nostrum nobis autem mollitia deserunt modi sed. Quo ipsa nesciunt nemo nam. Aut placeat qui qui. Modi dolorem et omnis laboriosam repellendus.','2003-11-22 21:09:54'),
('19','19','Dolor et et non. Illo harum autem ullam eveniet blanditiis ipsam. Esse porro voluptatibus eveniet voluptatem ipsum asperiores consequatur.','2001-09-21 00:27:12'),
('20','20','Magnam illo repudiandae voluptas molestiae laudantium. Minus quisquam nulla quis sed iusto. Magni atque natus et nihil.','2002-01-02 22:17:54'),
('21','21','Reiciendis occaecati ratione modi hic quis. Saepe ducimus sunt ex ipsum eaque esse facere. Pariatur et a et facere.','2006-12-17 16:23:54'),
('22','22','Illum sint saepe consequatur id. Vel error sunt laborum quam in dicta. Mollitia est repellendus esse modi repellat. Voluptatem et repudiandae velit dignissimos enim dolore.','1995-05-12 19:18:13'),
('23','23','Sunt dicta molestiae quas adipisci. Ea excepturi eveniet ut. Excepturi quis repellendus earum.','1984-07-08 21:32:49'),
('24','24','Repellat mollitia nam dolorem sint dolores quam ipsum. Fugiat ut eligendi ipsa. Qui dolor impedit dicta minus et nihil. Molestiae reprehenderit eum et.','1977-10-10 07:07:59'),
('25','25','Maxime aliquam est repudiandae cum. Qui dolores suscipit est hic perspiciatis consequatur aut corporis. Ipsam nihil in eos rerum eos.','1981-12-03 14:37:14'),
('26','26','Aperiam qui neque velit hic asperiores id accusantium. Dicta sed temporibus suscipit inventore fuga recusandae. Dolor rerum inventore vero cum dolore.','1981-08-13 13:20:06'),
('27','27','Veritatis repellat ea eius est dolorem aut perferendis ex. Facilis in cum id eius in est assumenda. Ad ratione ea voluptas recusandae dolorem.','2018-11-28 01:34:49'),
('28','28','Illum sit fugit explicabo quia voluptatem. Quas cum at aut reiciendis. Sapiente vel et ipsa voluptatem nulla est sint. Maxime quia qui deleniti optio est aliquam.','1977-08-01 07:48:30'),
('29','29','Temporibus labore rerum non non in. Quos dicta sunt et. Sed consectetur perspiciatis rerum maxime rerum harum et.','2017-07-09 09:07:48'),
('30','30','Aliquid ut omnis quos. Unde eos consequatur quasi ut magnam in. Consectetur nulla cupiditate atque ut et omnis nisi rerum. Iste pariatur quam voluptatem.','2015-04-13 15:47:23'),
('31','31','Et ut libero tenetur exercitationem dolor. Quia fugiat quo nihil minima repudiandae delectus.','1998-11-26 00:31:46'),
('32','32','Harum similique commodi et sapiente vel unde perferendis. Sequi sapiente fugit et est recusandae sed praesentium. Cupiditate itaque nulla veritatis deserunt dolor ut ab.','1975-02-01 14:51:28'),
('33','33','Odit repudiandae dolorem autem nemo. Nostrum blanditiis sapiente et ab cupiditate. Aperiam qui in nobis quia deleniti amet. Voluptatibus soluta molestiae earum ad omnis. Veniam porro excepturi sed odio illum corrupti.','1973-04-11 04:15:47'),
('34','34','Eos officiis facere voluptas eaque. Aut vero earum doloribus. Harum voluptas optio debitis eius. Aut culpa ipsum qui voluptas totam in.','1988-11-28 04:30:06'),
('35','35','Illo ab neque sit. Quibusdam rerum aut nesciunt necessitatibus. Eius totam quo voluptatem et eius repudiandae.','1989-12-01 19:58:38'),
('36','36','Aut necessitatibus sed non est minima. Aut eligendi in rerum neque dolorem consequuntur. Qui recusandae ducimus deleniti cumque nam quidem.','1995-06-27 06:50:06'),
('37','37','Numquam quidem illum itaque atque enim sit. Voluptatem natus recusandae culpa soluta aut provident. Natus ratione et ducimus facilis aliquid.','2002-06-28 22:45:05'),
('38','38','Ex numquam non iste quo quae quo necessitatibus. Accusamus ut aut sint optio ut voluptas. Debitis qui occaecati et autem et.','1970-03-18 02:36:12'),
('39','39','Ex non numquam consectetur id pariatur ipsa praesentium nesciunt. Vitae illo quo non dicta doloribus. Qui distinctio autem odit expedita quod et quia.','2009-05-21 17:33:34'),
('40','40','Dicta cupiditate magni voluptas provident necessitatibus et soluta. Voluptatem magni commodi quo. Quae et dolor qui ut.','2019-09-27 13:31:23'),
('41','41','Rerum cupiditate aut quas. Assumenda nemo soluta quae explicabo aut voluptatem blanditiis. Non fugit qui illo est aut ducimus.','1981-10-24 10:04:41'),
('42','42','Nihil officiis reiciendis omnis consequuntur eos assumenda. Neque illo numquam rerum. Quaerat sed voluptatum dicta nobis.','2009-11-20 09:20:35'),
('43','43','A repellendus quam harum. Animi optio iusto non aspernatur. Doloremque excepturi consectetur reiciendis est pariatur. Aperiam error et sequi exercitationem qui veritatis rerum.','2005-08-23 13:17:16'),
('44','44','Quis culpa quo voluptas cumque dolor. Debitis necessitatibus vel modi possimus non. Est velit molestiae quia distinctio nihil sunt culpa saepe. Eius ut et ea optio ratione.','2001-03-28 01:35:57'),
('45','45','Est totam odio dolorem mollitia ut eaque. Deserunt non blanditiis sit magni sit dicta vero. Dignissimos et molestias magni velit molestiae expedita. Velit modi fugiat dolore nam quae voluptatem.','2007-04-30 13:47:54'),
('46','46','Necessitatibus qui aut omnis eos nihil eum quod nihil. Itaque qui et perferendis saepe autem eos. Non quam quam unde fugit et. Laboriosam natus accusamus laborum dolorem ea.','1974-03-15 12:32:54'),
('47','47','Consequatur illo similique eum rerum. Sed exercitationem quaerat tenetur et dolores repudiandae. Facere enim veritatis vel esse in.','1993-06-23 09:13:50'),
('48','48','Est animi et eos dolores aperiam. Dolor et enim assumenda. Totam maiores consequatur praesentium. Possimus mollitia sint quo illum nihil rerum est. Repudiandae id rerum sint nam.','2009-07-22 21:34:25'),
('49','49','Nesciunt ut consequatur assumenda. Quisquam dolorum consequatur ullam deserunt nisi voluptate hic consequatur. Earum et vel minus veritatis unde non earum. Facilis sint saepe sed eum quibusdam.','2014-09-21 00:56:56'),
('50','50','Quo ut laudantium ea inventore. Sint occaecati placeat ea aut veniam doloribus molestiae.','1972-09-03 14:09:01'),
('51','51','Omnis mollitia nulla repellat magnam reprehenderit et aut rem. Molestias id ut sint exercitationem rerum. Reiciendis qui voluptates dolorem fugiat aliquam velit.','2000-09-30 16:09:21'),
('52','52','Ipsa in odit voluptas libero provident similique. Labore quaerat voluptas ad voluptas est. Maxime molestiae in molestiae qui dolorem error. Est culpa qui odit incidunt ipsum.','2015-02-13 12:35:44'),
('53','53','Hic corrupti non nihil consequatur. Non laudantium exercitationem rerum et repellendus enim beatae. Consequatur vel facere rem asperiores non. Exercitationem omnis in repellat.','1992-09-04 03:57:37'),
('54','54','Voluptatibus quibusdam dolorem qui est. Impedit dicta porro iure omnis dolor maiores voluptas. Corrupti neque molestiae est id maiores aut qui. Eius deserunt quam sunt vitae.','2011-09-26 07:48:18'),
('55','55','Expedita aspernatur doloribus ab illum natus deleniti impedit. Eius iure omnis eum iure sit. Quos sit perferendis aut molestiae ea quia deleniti quia. Voluptatum placeat iusto exercitationem optio.','2003-03-02 08:25:52'),
('56','56','Id modi non enim. Sequi quia tenetur nobis error quis et placeat. Hic est vero esse. Enim minus quis perferendis libero.','1979-11-24 10:49:33'),
('57','57','Vero asperiores ea in est ut non. Aut neque tempora delectus consequuntur. Quas quia voluptatem impedit quae autem et. Molestiae blanditiis sed illo modi voluptate consequatur quidem. Expedita rerum explicabo in et.','2004-01-25 05:16:19'),
('58','58','Nihil dolore et maxime explicabo ea quos. Voluptatem rerum iure dolorem eveniet distinctio magni eum sunt. Corrupti quis eaque sit sed. Necessitatibus et placeat laboriosam doloribus omnis delectus. Quia porro exercitationem qui necessitatibus fuga.','2010-08-28 23:42:09'),
('59','59','Sed veniam est consequatur molestias et omnis esse. Eum sit perspiciatis voluptate vero natus blanditiis. Blanditiis dolorem quisquam error architecto sed voluptates voluptatem. Velit quam voluptatibus similique et dolor.','2013-03-19 22:00:47'),
('60','60','Non soluta ad aut ut nisi et. Distinctio repellendus perferendis omnis cumque. Aut vero eos ab est excepturi. Voluptatem quam consequatur tempora nesciunt fuga.','1998-05-22 23:39:18'),
('61','61','Dolorum incidunt enim provident veritatis et id iure nemo. Ipsa ipsa ut veritatis distinctio ratione quibusdam et dignissimos. Perspiciatis animi tempora pariatur. Rerum ipsum id repellendus.','2018-03-01 21:55:47'),
('62','62','Officia molestiae vitae culpa impedit aliquam. Et laudantium nihil explicabo quia eum. Sequi aut asperiores voluptas optio non. Eos qui et provident cumque ad optio reiciendis.','1993-11-12 04:09:59'),
('63','63','Magnam vero pariatur ducimus. Possimus labore et autem. Nam et nostrum velit repellat neque omnis. Et nulla saepe nihil ut in excepturi.','2011-03-10 04:11:23'),
('64','64','Impedit nisi iste vel labore aperiam. Perferendis voluptas pariatur in et. Fugit nostrum quaerat dignissimos explicabo corporis sint.','1980-02-14 00:02:20'),
('65','65','Voluptas dolor id praesentium architecto sunt. Et id ab earum explicabo ab molestiae. Nostrum voluptas animi ut dignissimos dolorem nemo.','1974-06-02 21:06:37'),
('66','66','Aut aut eaque reiciendis. Facere libero laborum nostrum et error.','1992-09-18 23:49:40'),
('67','67','Harum qui enim ducimus. Non libero ipsum delectus aliquid. Suscipit quibusdam aut odit minus blanditiis non.','1993-12-07 12:40:56'),
('68','68','Quis harum nisi quod aut enim aut. Nesciunt fugit aliquid cumque distinctio in veniam non. Quisquam dolorem sit deserunt.','2014-08-10 22:46:18'),
('69','69','Labore earum ut maiores nemo sunt id. Et nostrum labore repudiandae voluptatem voluptates.','2011-06-25 00:00:07'),
('70','70','Modi consequatur sapiente porro perspiciatis perspiciatis facilis odio. Blanditiis libero eum aut pariatur aliquid. Sit pariatur enim amet ut. Impedit et quibusdam voluptatem repellendus.','1998-06-17 06:17:43'),
('71','71','Quaerat quia et veritatis id eos. Enim maxime voluptatem beatae et ut nulla quasi.','1996-10-26 01:17:46'),
('72','72','Atque non aperiam illum quasi quia. Rem voluptatibus est esse qui labore porro rerum facere. Amet et rerum autem modi ea veniam ea. Non quisquam nemo quos commodi repellat quo.','2014-07-13 02:47:35'),
('73','73','Velit et qui consequatur voluptates nam. Quo occaecati molestiae ad rem rerum repellat ex. Nihil recusandae velit sequi impedit nemo consequuntur. Ea enim totam tenetur quia modi quis voluptas. Placeat et ipsa alias animi aut consequatur.','1996-03-09 00:38:02'),
('74','74','Nihil quo est molestiae. Quia vel sint velit minus ducimus enim aliquam. Sit accusantium molestiae possimus mollitia reiciendis. Quasi deleniti rem consectetur quod.','1983-03-12 16:22:02'),
('75','75','Expedita possimus excepturi repudiandae ea sunt distinctio ex blanditiis. Qui error dignissimos qui quas maxime id est.','1981-06-19 15:58:58'),
('76','76','Voluptatum voluptas cupiditate nobis consequatur totam numquam est. Ut laudantium ipsam nihil magni optio consequatur. Unde reiciendis cumque ex sit excepturi voluptas harum.','2007-10-01 14:23:37'),
('77','77','Cum aspernatur architecto autem eaque officiis veniam. Quae laudantium voluptatem explicabo recusandae. At delectus ut quis at facilis. Aut ut quo eius cumque aut.','1981-06-26 10:11:47'),
('78','78','Non dolores iusto repellat quo sunt dolor omnis. Qui ipsum quis sequi numquam et. Mollitia quia eum sunt officia autem qui rerum dicta. Culpa consequatur aut ea quibusdam.','2015-01-24 23:01:11'),
('79','79','Voluptas sed unde qui mollitia totam et. Accusamus sunt ea perspiciatis nisi iste. Aut voluptas voluptatum rem sed est perspiciatis. Quia possimus sed doloribus minima occaecati.','1970-04-24 11:49:09'),
('80','80','Nesciunt sit ut nihil qui deserunt et. Quos vel provident alias. Soluta ullam id impedit possimus. Vero dolor maxime voluptas praesentium incidunt.','1996-03-07 05:27:52'),
('81','81','Rerum voluptate illo quam sequi labore quibusdam. Sapiente libero et autem sint et.','2001-12-01 00:02:54'),
('82','82','Atque tempore recusandae ratione placeat vel quis non. Debitis consequatur ipsam voluptas perferendis et sunt numquam. Aspernatur sunt harum quas sequi. Assumenda ut iusto voluptas voluptate doloribus molestiae.','1986-05-25 12:09:00'),
('83','83','Expedita soluta animi et suscipit aut nam. Sed omnis in et a id tempora ut error. Totam temporibus fuga quia perferendis dignissimos et aut. Excepturi possimus commodi velit maxime.','2015-05-23 03:44:46'),
('84','84','Architecto dignissimos suscipit repudiandae dignissimos maxime quia. Et et optio praesentium reprehenderit quae assumenda. Consequatur est omnis ut corporis corrupti. Veniam deserunt error est non velit.','2002-09-02 05:23:33'),
('85','85','Voluptas deserunt non beatae nihil ipsum reprehenderit. Sint voluptatum et saepe iste eaque veritatis et. Nostrum voluptas impedit qui explicabo suscipit error. Voluptate et ducimus iusto dolores rem dolor.','2013-09-28 17:54:12'),
('86','86','Eum eveniet laborum nisi excepturi officia voluptas consequatur sapiente. Qui eum distinctio officia et atque harum. Ipsum dolor ipsa voluptatem est. Distinctio similique saepe et tempore ipsam magni.','2001-06-29 22:13:18'),
('87','87','Quia ut occaecati amet ducimus porro quas dolor. Magnam consequatur non cumque quisquam nesciunt inventore. Magni eum qui in hic.','1984-05-11 00:21:05'),
('88','88','Libero dolorum porro tempora neque architecto autem. Placeat iusto possimus ipsam laboriosam. Aut et ratione id facere repudiandae.','1980-03-27 04:11:23'),
('89','89','Corrupti autem accusamus quam. Doloribus ipsa ea aut rem. Labore iste totam eum laudantium perspiciatis.','2003-04-09 23:35:52'),
('90','90','Qui sunt neque facilis rerum nisi. Impedit ex placeat veniam sed. Consequuntur quisquam voluptatibus delectus doloribus voluptatem repellat totam. Excepturi rem est deserunt velit nihil.','1989-04-05 03:12:07'),
('91','91','Sit quis autem labore ad eligendi. Et sed libero reprehenderit fugiat reiciendis.','1992-03-31 13:44:32'),
('92','92','Iusto quasi reiciendis voluptatibus doloremque tempore. Et magni excepturi tenetur quas animi ratione.','1970-08-14 12:25:20'),
('93','93','Voluptates rerum quae ut tempore nesciunt fugit. Eum consequatur fugiat fugiat. Odit quo sed quo dolores. Repudiandae recusandae vel voluptatem consequuntur voluptatibus amet.','1993-04-21 15:50:24'),
('94','94','Sapiente accusantium nisi necessitatibus veritatis dicta occaecati saepe. Eius doloribus ipsum error quia esse. Temporibus iusto asperiores architecto voluptatem. Id omnis libero modi rerum.','2017-07-02 12:45:42'),
('95','95','Et facilis temporibus vitae minima possimus. Rem ea natus eos necessitatibus et cupiditate. Voluptas doloremque est at tenetur earum modi molestiae qui.','1987-11-02 09:20:41'),
('96','96','Rem qui quisquam cupiditate expedita placeat quis illum. Voluptatibus voluptates alias doloremque alias. Quos minus vel omnis enim.','1983-11-16 01:24:21'),
('97','97','Blanditiis repellat commodi possimus molestiae. Rem commodi harum autem itaque accusantium officiis temporibus necessitatibus. Sed distinctio nobis odio quod in temporibus eos.','2007-06-06 09:13:54'),
('98','98','Quis iste non tenetur sint autem laboriosam tempore ut. Est esse eum beatae exercitationem non repellat. Aspernatur consequatur sunt consequatur at.','1989-01-21 00:00:12'),
('99','99','Dolor est odio quos quibusdam qui natus blanditiis. Qui numquam voluptas facilis nesciunt ipsum aut eaque laboriosam. Pariatur nobis suscipit laboriosam minima in. Nihil vel alias et iusto.','1975-07-09 21:11:11'),
('100','100','Voluptas vero corporis recusandae ut adipisci porro error. Qui praesentium minus consequatur. Pariatur eum aut laborum.','1993-10-28 12:05:55'); 


DROP TABLE IF EXISTS `music`;
CREATE TABLE `music` (
  `id` bigint(20) unsigned NOT NULL AUTO_INCREMENT,
  `album_id` bigint(20) unsigned DEFAULT NULL,
  `name` varchar(150) COLLATE utf8_unicode_ci DEFAULT NULL,
  PRIMARY KEY (`id`),
  KEY `name` (`name`),
  KEY `album_id` (`album_id`),
  CONSTRAINT `music_ibfk_1` FOREIGN KEY (`album_id`) REFERENCES `music_albums` (`id`)
) ENGINE=InnoDB AUTO_INCREMENT=101 DEFAULT CHARSET=utf8 COLLATE=utf8_unicode_ci;

INSERT INTO `music` VALUES ('1','1','porro'),
('2','2','ut'),
('3','3','dolores'),
('4','4','excepturi'),
('5','5','rerum'),
('6','6','quia'),
('7','7','quibusdam'),
('8','8','natus'),
('9','9','repellendus'),
('10','10','officia'),
('11','11','accusantium'),
('12','12','neque'),
('13','13','qui'),
('14','14','sequi'),
('15','15','vel'),
('16','16','odit'),
('17','17','aperiam'),
('18','18','temporibus'),
('19','19','eius'),
('20','20','dolorem'),
('21','21','architecto'),
('22','22','sint'),
('23','23','vitae'),
('24','24','tempora'),
('25','25','sed'),
('26','26','quos'),
('27','27','autem'),
('28','28','similique'),
('29','29','doloremque'),
('30','30','deleniti'),
('31','31','reprehenderit'),
('32','32','necessitatibus'),
('33','33','ut'),
('34','34','reiciendis'),
('35','35','aut'),
('36','36','illo'),
('37','37','voluptate'),
('38','38','occaecati'),
('39','39','fuga'),
('40','40','qui'),
('41','41','nisi'),
('42','42','qui'),
('43','43','qui'),
('44','44','veritatis'),
('45','45','qui'),
('46','46','est'),
('47','47','itaque'),
('48','48','voluptas'),
('49','49','nostrum'),
('50','50','assumenda'),
('51','51','sit'),
('52','52','modi'),
('53','53','sed'),
('54','54','eligendi'),
('55','55','non'),
('56','56','sint'),
('57','57','officiis'),
('58','58','perspiciatis'),
('59','59','vero'),
('60','60','ipsa'),
('61','61','suscipit'),
('62','62','qui'),
('63','63','voluptas'),
('64','64','est'),
('65','65','cumque'),
('66','66','neque'),
('67','67','soluta'),
('68','68','distinctio'),
('69','69','officia'),
('70','70','rerum'),
('71','71','laborum'),
('72','72','provident'),
('73','73','similique'),
('74','74','ut'),
('75','75','omnis'),
('76','76','nihil'),
('77','77','nam'),
('78','78','pariatur'),
('79','79','excepturi'),
('80','80','delectus'),
('81','81','velit'),
('82','82','laboriosam'),
('83','83','non'),
('84','84','sunt'),
('85','85','harum'),
('86','86','itaque'),
('87','87','officia'),
('88','88','fugiat'),
('89','89','distinctio'),
('90','90','deleniti'),
('91','91','est'),
('92','92','veniam'),
('93','93','deserunt'),
('94','94','qui'),
('95','95','dolorem'),
('96','96','rerum'),
('97','97','ullam'),
('98','98','id'),
('99','99','incidunt'),
('100','100','velit'); 


DROP TABLE IF EXISTS `music_albums`;
CREATE TABLE `music_albums` (
  `id` bigint(20) unsigned NOT NULL AUTO_INCREMENT,
  `name` varchar(150) COLLATE utf8_unicode_ci DEFAULT NULL,
  `user_id` bigint(20) unsigned NOT NULL,
  `updated_at` timestamp NOT NULL DEFAULT current_timestamp() ON UPDATE current_timestamp(),
  PRIMARY KEY (`id`),
  KEY `name` (`name`),
  KEY `user_id` (`user_id`),
  CONSTRAINT `music_albums_ibfk_1` FOREIGN KEY (`user_id`) REFERENCES `users` (`id`)
) ENGINE=InnoDB AUTO_INCREMENT=101 DEFAULT CHARSET=utf8 COLLATE=utf8_unicode_ci;

INSERT INTO `music_albums` VALUES ('1','id','1','1993-03-16 01:03:21'),
('2','qui','2','2003-11-21 11:20:54'),
('3','error','3','1990-01-17 01:35:46'),
('4','voluptatum','4','2000-05-10 08:19:56'),
('5','dicta','5','1978-10-13 21:21:28'),
('6','odit','6','2010-03-04 09:51:59'),
('7','voluptate','7','1994-07-26 06:28:42'),
('8','distinctio','8','2001-08-31 17:25:45'),
('9','minus','9','1978-06-06 20:49:31'),
('10','aut','10','2001-03-03 10:59:57'),
('11','at','11','2017-12-19 23:54:46'),
('12','quam','12','1998-10-07 22:01:15'),
('13','libero','13','1970-11-06 20:23:13'),
('14','sunt','14','2011-12-10 03:31:27'),
('15','architecto','15','1991-04-16 13:47:43'),
('16','sed','16','1986-01-01 08:14:22'),
('17','qui','17','2006-03-30 23:42:36'),
('18','non','18','1973-01-02 22:06:46'),
('19','nisi','19','1976-06-14 12:31:57'),
('20','dolorem','20','1972-09-13 23:14:22'),
('21','est','21','1995-10-23 03:11:08'),
('22','sed','22','1993-09-01 20:48:11'),
('23','voluptates','23','1988-03-14 01:13:12'),
('24','temporibus','24','1997-02-05 07:39:11'),
('25','est','25','1980-08-14 21:32:54'),
('26','voluptates','26','2015-08-17 21:41:14'),
('27','velit','27','1999-08-25 15:49:45'),
('28','pariatur','28','2016-10-15 02:44:56'),
('29','accusantium','29','2004-01-07 09:23:35'),
('30','ipsa','30','1988-12-15 01:23:55'),
('31','corrupti','31','1971-08-07 16:48:42'),
('32','autem','32','1999-06-09 17:41:34'),
('33','nihil','33','1976-08-28 07:13:22'),
('34','laboriosam','34','2002-08-17 07:43:11'),
('35','delectus','35','1970-06-16 09:00:38'),
('36','enim','36','1998-04-24 09:33:09'),
('37','quas','37','1995-09-03 01:44:54'),
('38','quaerat','38','2006-06-16 03:08:10'),
('39','et','39','2004-04-22 15:41:59'),
('40','omnis','40','1982-06-10 12:27:28'),
('41','voluptatum','41','2020-01-25 23:09:16'),
('42','repellat','42','2015-07-08 20:17:07'),
('43','molestiae','43','2003-04-17 22:21:35'),
('44','tempore','44','1973-10-18 07:40:06'),
('45','aut','45','1974-07-08 05:29:51'),
('46','dignissimos','46','1999-10-01 04:53:46'),
('47','ut','47','2010-11-05 07:13:57'),
('48','rerum','48','2015-06-09 20:00:33'),
('49','alias','49','1999-10-17 05:07:29'),
('50','corrupti','50','1985-12-29 00:05:58'),
('51','alias','51','2014-06-03 21:04:04'),
('52','non','52','1994-02-03 04:29:23'),
('53','iure','53','1978-07-31 14:33:55'),
('54','molestias','54','1989-09-19 13:53:12'),
('55','natus','55','2009-01-08 06:40:45'),
('56','quaerat','56','1985-05-20 01:27:20'),
('57','autem','57','2001-07-11 21:39:05'),
('58','ut','58','2009-02-17 16:03:05'),
('59','aut','59','1972-08-22 23:55:40'),
('60','neque','60','2009-12-31 15:51:54'),
('61','officia','61','2019-04-13 01:13:07'),
('62','quia','62','2009-04-05 05:15:00'),
('63','distinctio','63','2018-05-14 05:44:08'),
('64','alias','64','1977-04-09 12:43:34'),
('65','fugiat','65','1985-12-18 18:47:56'),
('66','impedit','66','2016-04-29 18:25:15'),
('67','necessitatibus','67','1979-09-06 22:32:27'),
('68','quae','68','1994-04-02 16:04:46'),
('69','minus','69','2016-03-28 01:12:58'),
('70','voluptatibus','70','1987-09-28 10:43:31'),
('71','dolore','71','2009-12-10 22:41:22'),
('72','perferendis','72','2002-12-26 20:38:36'),
('73','provident','73','2003-04-24 06:28:17'),
('74','molestiae','74','1980-07-15 03:30:26'),
('75','recusandae','75','1976-12-28 23:06:45'),
('76','architecto','76','1979-12-02 01:48:04'),
('77','at','77','1974-01-03 12:14:24'),
('78','quo','78','2014-02-06 08:00:07'),
('79','eum','79','1976-01-30 09:51:20'),
('80','vel','80','1996-11-28 22:17:02'),
('81','fugit','81','1991-01-11 17:55:58'),
('82','ea','82','2005-02-13 00:49:04'),
('83','quis','83','2003-11-20 16:24:12'),
('84','excepturi','84','1993-05-09 03:18:53'),
('85','officia','85','1988-11-21 05:47:49'),
('86','voluptas','86','2015-03-20 22:58:24'),
('87','dolores','87','1971-01-05 22:44:10'),
('88','tenetur','88','1990-05-22 15:17:41'),
('89','itaque','89','2007-10-13 22:58:58'),
('90','voluptatum','90','2002-11-26 18:25:37'),
('91','quaerat','91','2001-07-15 11:49:10'),
('92','dolorem','92','1986-06-06 10:27:01'),
('93','facilis','93','2013-04-07 08:52:22'),
('94','deserunt','94','1976-06-27 08:00:36'),
('95','vel','95','2006-01-20 23:34:44'),
('96','corporis','96','2013-12-06 00:14:05'),
('97','aut','97','1970-07-14 23:28:04'),
('98','aut','98','2014-03-18 09:30:24'),
('99','eveniet','99','2013-10-13 19:23:43'),
('100','omnis','100','2006-09-16 16:06:14'); 


DROP TABLE IF EXISTS `music_info`;
CREATE TABLE `music_info` (
  `id` bigint(20) unsigned NOT NULL AUTO_INCREMENT,
  `size` int(11) DEFAULT NULL,
  `who_upload_id` bigint(20) unsigned NOT NULL,
  `upload_at` timestamp NOT NULL DEFAULT current_timestamp(),
  PRIMARY KEY (`id`),
  KEY `who_upload_id` (`who_upload_id`),
  CONSTRAINT `music_info_ibfk_1` FOREIGN KEY (`who_upload_id`) REFERENCES `users` (`id`),
  CONSTRAINT `music_info_ibfk_2` FOREIGN KEY (`id`) REFERENCES `music` (`id`)
) ENGINE=InnoDB AUTO_INCREMENT=101 DEFAULT CHARSET=utf8 COLLATE=utf8_unicode_ci;

INSERT INTO `music_info` VALUES ('1','99734','1','1984-11-02 08:16:08'),
('2','894','2','2003-05-13 19:45:13'),
('3','19','3','2005-02-05 18:26:27'),
('4','71476268','4','1987-12-16 16:56:47'),
('5','493','5','1997-09-23 10:18:59'),
('6','568','6','2007-03-11 15:49:15'),
('7','6685250','7','2006-11-24 03:19:20'),
('8','41564686','8','2014-12-18 04:49:10'),
('9','5','9','1999-11-27 14:25:27'),
('10','137','10','2017-07-07 20:50:33'),
('11','38','11','1978-07-12 01:23:19'),
('12','650716573','12','1985-07-09 02:16:58'),
('13','49','13','2015-09-12 06:26:19'),
('14','4','14','1989-03-04 12:35:02'),
('15','69167','15','1999-07-13 20:11:36'),
('16','52385490','16','1976-12-11 00:31:37'),
('17','173219128','17','1973-03-09 17:06:45'),
('18','655202999','18','1999-03-19 11:15:06'),
('19','337320','19','1979-07-27 11:46:26'),
('20','6','20','1990-06-05 12:57:59'),
('21','0','21','1975-01-05 23:33:27'),
('22','734843284','22','2001-03-30 19:45:14'),
('23','6','23','2010-10-15 01:59:58'),
('24','434669','24','1990-07-29 20:22:59'),
('25','672764','25','1995-10-28 19:53:41'),
('26','0','26','1974-12-25 16:26:08'),
('27','4224','27','2006-09-20 01:31:29'),
('28','577','28','1976-03-24 19:25:32'),
('29','797641','29','2019-03-25 16:44:55'),
('30','70','30','1998-01-13 05:11:49'),
('31','746743443','31','1999-05-14 07:33:48'),
('32','0','32','2014-04-20 02:41:52'),
('33','96','33','1996-06-18 00:32:17'),
('34','8556','34','1974-11-07 13:44:20'),
('35','35580685','35','1986-03-01 14:55:05'),
('36','88','36','2004-11-07 04:35:32'),
('37','912392','37','2018-01-30 10:24:30'),
('38','0','38','1988-10-28 20:44:45'),
('39','0','39','1998-08-05 21:50:19'),
('40','46','40','1984-04-27 23:24:23'),
('41','88','41','1976-11-22 16:27:13'),
('42','0','42','1998-07-07 21:31:48'),
('43','65229048','43','1998-06-01 01:18:44'),
('44','76939104','44','1972-12-22 05:50:04'),
('45','857603130','45','1975-03-08 06:17:22'),
('46','3975657','46','2009-01-30 13:44:07'),
('47','0','47','1987-10-30 08:29:32'),
('48','0','48','1973-07-09 20:17:28'),
('49','9346329','49','2008-03-06 07:09:24'),
('50','849','50','2003-08-07 03:27:32'),
('51','1','51','1998-02-19 20:36:46'),
('52','37430055','52','1998-06-29 15:31:09'),
('53','0','53','2000-02-29 16:32:27'),
('54','4842048','54','2015-04-23 11:27:03'),
('55','0','55','2010-07-05 19:51:12'),
('56','250548','56','1981-03-12 08:58:24'),
('57','4855','57','1987-06-20 19:06:21'),
('58','714507','58','2014-04-22 07:17:44'),
('59','77210','59','2010-02-10 02:47:15'),
('60','103416','60','1980-04-20 22:12:34'),
('61','0','61','1974-02-22 14:37:01'),
('62','532530819','62','2000-04-25 12:53:23'),
('63','535040142','63','1981-03-07 05:36:56'),
('64','1794','64','1990-05-25 00:25:53'),
('65','506516045','65','1991-04-13 01:23:01'),
('66','19308','66','1978-10-25 13:55:11'),
('67','933744466','67','1981-03-04 05:18:54'),
('68','435826417','68','1997-09-30 11:52:40'),
('69','8395654','69','1971-01-30 05:23:43'),
('70','65234372','70','1991-10-06 19:36:57'),
('71','59020','71','1996-09-04 16:06:40'),
('72','60','72','2017-10-01 12:31:28'),
('73','2567','73','2012-11-02 02:29:28'),
('74','1','74','1977-07-19 16:28:34'),
('75','83896040','75','1972-05-31 22:10:05'),
('76','37632316','76','1993-11-26 15:40:39'),
('77','772201','77','2015-06-01 16:08:39'),
('78','7','78','1977-12-08 21:51:30'),
('79','467130517','79','2002-10-16 01:23:38'),
('80','20','80','2007-02-18 05:53:02'),
('81','3','81','2011-01-15 09:39:45'),
('82','2526','82','1992-10-10 18:25:21'),
('83','31810','83','1989-08-16 04:54:11'),
('84','49076741','84','1981-12-07 00:57:11'),
('85','3416','85','1991-06-13 02:38:42'),
('86','3565','86','1992-04-23 17:21:58'),
('87','43194','87','2009-05-19 13:18:58'),
('88','35838311','88','1979-03-05 11:05:35'),
('89','68750','89','2008-12-24 21:37:20'),
('90','19006208','90','1994-08-06 12:35:26'),
('91','411873913','91','1992-02-09 19:11:49'),
('92','9587','92','2018-10-10 17:52:38'),
('93','0','93','1980-07-03 09:23:07'),
('94','23361697','94','2003-04-28 18:22:35'),
('95','21082558','95','1986-01-04 17:23:18'),
('96','14846','96','2009-07-30 03:33:18'),
('97','86','97','1976-05-18 06:56:43'),
('98','262377610','98','1994-04-08 12:56:02'),
('99','50358','99','1992-10-29 20:09:29'),
('100','0','100','1971-06-09 13:21:19'); 


DROP TABLE IF EXISTS `photo_albums`;
CREATE TABLE `photo_albums` (
  `id` bigint(20) unsigned NOT NULL AUTO_INCREMENT,
  `name` varchar(255) COLLATE utf8_unicode_ci DEFAULT NULL,
  `user_id` bigint(20) unsigned DEFAULT NULL,
  PRIMARY KEY (`id`),
  UNIQUE KEY `id` (`id`),
  KEY `user_id` (`user_id`),
  CONSTRAINT `photo_albums_ibfk_1` FOREIGN KEY (`user_id`) REFERENCES `users` (`id`)
) ENGINE=InnoDB AUTO_INCREMENT=101 DEFAULT CHARSET=utf8 COLLATE=utf8_unicode_ci;

INSERT INTO `photo_albums` VALUES ('1','et','1'),
('2','facilis','2'),
('3','consectetur','3'),
('4','aut','4'),
('5','minus','5'),
('6','et','6'),
('7','exercitationem','7'),
('8','debitis','8'),
('9','non','9'),
('10','illo','10'),
('11','tempore','11'),
('12','hic','12'),
('13','quis','13'),
('14','delectus','14'),
('15','velit','15'),
('16','dolor','16'),
('17','id','17'),
('18','occaecati','18'),
('19','deleniti','19'),
('20','nemo','20'),
('21','asperiores','21'),
('22','velit','22'),
('23','eos','23'),
('24','necessitatibus','24'),
('25','libero','25'),
('26','esse','26'),
('27','quia','27'),
('28','corporis','28'),
('29','perferendis','29'),
('30','et','30'),
('31','reprehenderit','31'),
('32','consequatur','32'),
('33','quas','33'),
('34','doloribus','34'),
('35','ut','35'),
('36','voluptatem','36'),
('37','aut','37'),
('38','eos','38'),
('39','commodi','39'),
('40','molestiae','40'),
('41','facere','41'),
('42','qui','42'),
('43','ut','43'),
('44','nam','44'),
('45','repellat','45'),
('46','omnis','46'),
('47','blanditiis','47'),
('48','repellat','48'),
('49','repellat','49'),
('50','explicabo','50'),
('51','recusandae','51'),
('52','cupiditate','52'),
('53','non','53'),
('54','occaecati','54'),
('55','repellendus','55'),
('56','minus','56'),
('57','autem','57'),
('58','quia','58'),
('59','saepe','59'),
('60','eius','60'),
('61','et','61'),
('62','hic','62'),
('63','id','63'),
('64','repellat','64'),
('65','magnam','65'),
('66','praesentium','66'),
('67','consequuntur','67'),
('68','natus','68'),
('69','velit','69'),
('70','facilis','70'),
('71','earum','71'),
('72','incidunt','72'),
('73','quae','73'),
('74','ipsum','74'),
('75','et','75'),
('76','atque','76'),
('77','illum','77'),
('78','qui','78'),
('79','sequi','79'),
('80','quae','80'),
('81','error','81'),
('82','illum','82'),
('83','eligendi','83'),
('84','itaque','84'),
('85','deleniti','85'),
('86','ipsum','86'),
('87','non','87'),
('88','aut','88'),
('89','ut','89'),
('90','dolores','90'),
('91','ut','91'),
('92','iure','92'),
('93','velit','93'),
('94','voluptates','94'),
('95','amet','95'),
('96','fuga','96'),
('97','autem','97'),
('98','dolores','98'),
('99','consequatur','99'),
('100','illo','100'); 


DROP TABLE IF EXISTS `photos`;
CREATE TABLE `photos` (
  `id` bigint(20) unsigned NOT NULL AUTO_INCREMENT,
  `album_id` bigint(20) unsigned DEFAULT NULL,
  `media_id` bigint(20) unsigned NOT NULL,
  PRIMARY KEY (`id`),
  KEY `album_id` (`album_id`),
  KEY `media_id` (`media_id`),
  CONSTRAINT `photos_ibfk_1` FOREIGN KEY (`album_id`) REFERENCES `photo_albums` (`id`),
  CONSTRAINT `photos_ibfk_2` FOREIGN KEY (`media_id`) REFERENCES `media` (`id`)
) ENGINE=InnoDB AUTO_INCREMENT=101 DEFAULT CHARSET=utf8 COLLATE=utf8_unicode_ci;

INSERT INTO `photos` VALUES ('1','1','1'),
('2','2','2'),
('3','3','3'),
('4','4','4'),
('5','5','5'),
('6','6','6'),
('7','7','7'),
('8','8','8'),
('9','9','9'),
('10','10','10'),
('11','11','11'),
('12','12','12'),
('13','13','13'),
('14','14','14'),
('15','15','15'),
('16','16','16'),
('17','17','17'),
('18','18','18'),
('19','19','19'),
('20','20','20'),
('21','21','21'),
('22','22','22'),
('23','23','23'),
('24','24','24'),
('25','25','25'),
('26','26','26'),
('27','27','27'),
('28','28','28'),
('29','29','29'),
('30','30','30'),
('31','31','31'),
('32','32','32'),
('33','33','33'),
('34','34','34'),
('35','35','35'),
('36','36','36'),
('37','37','37'),
('38','38','38'),
('39','39','39'),
('40','40','40'),
('41','41','41'),
('42','42','42'),
('43','43','43'),
('44','44','44'),
('45','45','45'),
('46','46','46'),
('47','47','47'),
('48','48','48'),
('49','49','49'),
('50','50','50'),
('51','51','51'),
('52','52','52'),
('53','53','53'),
('54','54','54'),
('55','55','55'),
('56','56','56'),
('57','57','57'),
('58','58','58'),
('59','59','59'),
('60','60','60'),
('61','61','61'),
('62','62','62'),
('63','63','63'),
('64','64','64'),
('65','65','65'),
('66','66','66'),
('67','67','67'),
('68','68','68'),
('69','69','69'),
('70','70','70'),
('71','71','71'),
('72','72','72'),
('73','73','73'),
('74','74','74'),
('75','75','75'),
('76','76','76'),
('77','77','77'),
('78','78','78'),
('79','79','79'),
('80','80','80'),
('81','81','81'),
('82','82','82'),
('83','83','83'),
('84','84','84'),
('85','85','85'),
('86','86','86'),
('87','87','87'),
('88','88','88'),
('89','89','89'),
('90','90','90'),
('91','91','91'),
('92','92','92'),
('93','93','93'),
('94','94','94'),
('95','95','95'),
('96','96','96'),
('97','97','97'),
('98','98','98'),
('99','99','99'),
('100','100','100'); 


DROP TABLE IF EXISTS `profiles`;
CREATE TABLE `profiles` (
  `user_id` bigint(20) unsigned NOT NULL AUTO_INCREMENT,
  `gender` char(1) COLLATE utf8_unicode_ci DEFAULT NULL,
  `birthday` date DEFAULT NULL,
  `hometown` varchar(100) COLLATE utf8_unicode_ci DEFAULT NULL,
  `created_at` timestamp NOT NULL DEFAULT current_timestamp(),
  PRIMARY KEY (`user_id`),
  CONSTRAINT `fk_user_id` FOREIGN KEY (`user_id`) REFERENCES `users` (`id`) ON DELETE NO ACTION ON UPDATE CASCADE
) ENGINE=InnoDB AUTO_INCREMENT=101 DEFAULT CHARSET=utf8 COLLATE=utf8_unicode_ci;

INSERT INTO `profiles` VALUES ('1',NULL,'1991-07-08',NULL,'1975-05-15 11:26:29'),
('2',NULL,'2018-01-06',NULL,'1970-05-19 06:59:25'),
('3',NULL,'2017-04-16',NULL,'1979-10-12 22:13:18'),
('4',NULL,'2008-04-24',NULL,'1990-04-05 21:19:36'),
('5',NULL,'2008-10-26',NULL,'2005-09-26 02:57:55'),
('6',NULL,'2016-03-28',NULL,'1995-05-23 18:38:32'),
('7',NULL,'2001-02-07',NULL,'2005-09-25 19:44:54'),
('8',NULL,'1992-06-25',NULL,'2018-08-26 13:00:21'),
('9',NULL,'1972-06-20',NULL,'1991-01-07 22:25:39'),
('10',NULL,'2005-05-29',NULL,'1974-09-02 12:10:17'),
('11',NULL,'1978-06-20',NULL,'1981-04-23 22:19:02'),
('12',NULL,'1977-08-09',NULL,'1980-05-24 06:13:59'),
('13',NULL,'1984-05-03',NULL,'1990-09-22 06:52:51'),
('14',NULL,'1979-04-26',NULL,'2011-12-14 21:04:33'),
('15',NULL,'1982-08-21',NULL,'2007-01-27 18:44:46'),
('16',NULL,'2014-02-18',NULL,'2006-02-02 01:04:36'),
('17',NULL,'1983-06-13',NULL,'1994-10-21 07:07:40'),
('18',NULL,'2009-11-28',NULL,'2005-05-07 20:00:57'),
('19',NULL,'2013-01-18',NULL,'1990-04-14 00:59:26'),
('20',NULL,'1980-09-20',NULL,'1983-01-28 14:34:22'),
('21',NULL,'1980-10-03',NULL,'1989-11-20 16:16:18'),
('22',NULL,'1978-06-07',NULL,'1978-10-29 14:45:35'),
('23',NULL,'2002-10-08',NULL,'1995-05-23 18:33:37'),
('24',NULL,'2015-06-29',NULL,'1984-05-31 06:31:04'),
('25',NULL,'1993-10-12',NULL,'2006-02-11 07:07:47'),
('26',NULL,'1982-09-04',NULL,'2001-03-28 10:31:52'),
('27',NULL,'2013-03-05',NULL,'1976-04-27 19:49:24'),
('28',NULL,'1983-01-28',NULL,'2014-07-29 03:23:44'),
('29',NULL,'2014-08-28',NULL,'2001-10-01 14:09:09'),
('30',NULL,'1987-10-25',NULL,'1997-10-26 19:41:50'),
('31',NULL,'1970-03-10',NULL,'2009-01-01 16:41:08'),
('32',NULL,'1981-04-09',NULL,'2018-11-25 18:20:17'),
('33',NULL,'2019-01-31',NULL,'1988-09-14 03:35:49'),
('34',NULL,'2018-06-06',NULL,'2008-11-04 12:34:22'),
('35',NULL,'2000-10-23',NULL,'2004-12-09 15:01:58'),
('36',NULL,'2015-07-11',NULL,'2010-05-30 03:09:28'),
('37',NULL,'1995-07-25',NULL,'1978-08-26 04:45:17'),
('38',NULL,'1972-06-19',NULL,'1985-03-12 17:49:49'),
('39',NULL,'1990-05-05',NULL,'1988-03-06 02:11:36'),
('40',NULL,'1981-11-27',NULL,'2015-08-23 06:34:38'),
('41',NULL,'1974-11-09',NULL,'2008-09-27 23:22:52'),
('42',NULL,'2016-01-28',NULL,'2011-07-15 10:08:49'),
('43',NULL,'1998-04-16',NULL,'1982-01-01 05:27:30'),
('44',NULL,'1983-03-16',NULL,'1982-11-04 19:03:53'),
('45',NULL,'2017-02-25',NULL,'1991-09-17 14:08:26'),
('46',NULL,'1995-11-27',NULL,'1973-04-02 21:54:26'),
('47',NULL,'1991-04-12',NULL,'2005-10-03 21:46:00'),
('48',NULL,'2004-06-05',NULL,'2001-11-21 21:48:21'),
('49',NULL,'1971-10-13',NULL,'1974-05-26 18:43:21'),
('50',NULL,'2016-09-10',NULL,'1973-04-15 06:29:27'),
('51',NULL,'2009-12-21',NULL,'1986-01-23 03:31:09'),
('52',NULL,'2008-07-03',NULL,'1973-02-05 12:36:21'),
('53',NULL,'1978-06-10',NULL,'2005-02-06 15:43:49'),
('54',NULL,'1987-08-26',NULL,'1982-01-11 03:37:09'),
('55',NULL,'1985-05-14',NULL,'1997-12-26 18:01:46'),
('56',NULL,'1980-12-03',NULL,'1989-09-16 10:14:56'),
('57',NULL,'2007-02-07',NULL,'1976-05-15 18:41:39'),
('58',NULL,'1976-05-23',NULL,'2017-08-12 10:07:01'),
('59',NULL,'1992-12-11',NULL,'2016-10-10 23:29:21'),
('60',NULL,'1973-12-23',NULL,'1976-10-03 05:15:41'),
('61',NULL,'1992-11-23',NULL,'1970-01-06 05:08:07'),
('62',NULL,'1997-09-25',NULL,'1985-02-11 00:40:18'),
('63',NULL,'1999-08-20',NULL,'1992-02-10 18:48:33'),
('64',NULL,'1981-05-19',NULL,'1972-12-24 22:09:48'),
('65',NULL,'1980-07-10',NULL,'1991-07-16 23:22:53'),
('66',NULL,'2001-09-30',NULL,'2007-12-11 19:08:55'),
('67',NULL,'2017-07-11',NULL,'1972-12-28 08:13:10'),
('68',NULL,'2014-01-09',NULL,'2004-04-23 00:03:09'),
('69',NULL,'1997-01-16',NULL,'1996-10-03 04:21:19'),
('70',NULL,'1971-06-10',NULL,'2006-02-24 10:44:35'),
('71',NULL,'1998-11-24',NULL,'2008-06-03 14:40:01'),
('72',NULL,'1990-07-30',NULL,'1978-09-26 00:27:57'),
('73',NULL,'1986-11-12',NULL,'2006-08-12 20:54:34'),
('74',NULL,'1989-02-02',NULL,'1982-02-08 18:00:53'),
('75',NULL,'2013-02-08',NULL,'2017-09-27 22:48:51'),
('76',NULL,'1997-07-11',NULL,'1976-07-18 17:07:58'),
('77',NULL,'1989-12-02',NULL,'2016-07-04 05:04:42'),
('78',NULL,'2003-04-19',NULL,'1986-11-06 13:58:09'),
('79',NULL,'2007-01-18',NULL,'1985-11-09 18:12:05'),
('80',NULL,'2017-08-18',NULL,'1974-10-22 15:20:50'),
('81',NULL,'2004-09-08',NULL,'1983-10-05 14:24:44'),
('82',NULL,'1973-09-08',NULL,'1980-09-24 15:08:51'),
('83',NULL,'1977-08-14',NULL,'1991-09-25 12:30:54'),
('84',NULL,'2009-05-30',NULL,'1998-11-13 12:24:45'),
('85',NULL,'1980-06-03',NULL,'1975-10-18 02:01:48'),
('86',NULL,'2008-06-22',NULL,'2018-10-23 10:31:43'),
('87',NULL,'1975-06-04',NULL,'1972-07-30 18:19:19'),
('88',NULL,'2018-04-11',NULL,'1986-12-30 03:39:49'),
('89',NULL,'1986-07-19',NULL,'1970-03-18 18:57:39'),
('90',NULL,'1978-12-15',NULL,'1974-02-18 21:59:29'),
('91',NULL,'2019-09-22',NULL,'2003-03-18 13:19:28'),
('92',NULL,'2003-09-11',NULL,'1981-10-16 10:52:38'),
('93',NULL,'1982-07-31',NULL,'2009-01-26 15:35:31'),
('94',NULL,'2001-02-01',NULL,'1999-05-22 20:26:54'),
('95',NULL,'1993-02-22',NULL,'1987-10-27 19:07:16'),
('96',NULL,'1998-12-02',NULL,'2012-07-19 08:56:48'),
('97',NULL,'2019-03-18',NULL,'1980-10-23 00:10:30'),
('98',NULL,'1986-08-05',NULL,'1979-03-23 02:50:58'),
('99',NULL,'1970-07-31',NULL,'2011-10-29 19:05:19'),
('100',NULL,'1995-10-15',NULL,'1978-07-22 18:55:14'); 


DROP TABLE IF EXISTS `users`;
CREATE TABLE `users` (
  `id` bigint(20) unsigned NOT NULL AUTO_INCREMENT,
  `firstname` varchar(50) COLLATE utf8_unicode_ci DEFAULT NULL,
  `lastname` varchar(50) COLLATE utf8_unicode_ci DEFAULT NULL,
  `email` varchar(50) COLLATE utf8_unicode_ci DEFAULT NULL,
  `password` varchar(100) COLLATE utf8_unicode_ci DEFAULT NULL,
  `phone` varchar(12) COLLATE utf8_unicode_ci DEFAULT NULL,
  PRIMARY KEY (`id`),
  UNIQUE KEY `email` (`email`),
  KEY `users_phone_idx` (`phone`),
  KEY `firstname` (`firstname`,`lastname`)
) ENGINE=InnoDB AUTO_INCREMENT=101 DEFAULT CHARSET=utf8 COLLATE=utf8_unicode_ci;

INSERT INTO `users` VALUES ('1','Richie','Jaskolski','koch.vernon@example.com','7823f69c88b30c6171e7cd695a24ada539954cc0','622.849.9058'),
('2','Jacinthe','Kulas','franecki.mariane@example.com','4c872b6c0cfc86171c8d0f8aa300735fc57007d9','1-787-217-55'),
('3','Bethel','Orn','harold.armstrong@example.org','1804962d4fc6aa9f825ac85f4ce4be9448caf197','150-618-5804'),
('4','Iva','Leannon','moen.davon@example.org','d5a558b7e6ca826288e308b70c799d7c8e47888c','733.732.5725'),
('5','Ross','Schamberger','fahey.leilani@example.net','48bf2863cfa091f8a95283e23eaf741b9da830c0','(908)433-803'),
('6','Gilda','Von','dibbert.eda@example.com','5099ef9e3dc3f9df72ac4c080a6db46b164fd706','(072)308-113'),
('7','Jewel','Rogahn','alexander.hudson@example.com','99458a1be0054b6f9f2124561f59adaf49d77e12','03569925052'),
('8','Bradford','Jaskolski','casper.rosanna@example.net','9a9683992c7ee2e8c38229e101629c214e2fda62','02875429660'),
('9','Jackson','Mante','langosh.dolores@example.org','d2f4a9eb4cb42a56bf2ff5543a9959be77590940','261.550.0043'),
('10','Cristopher','Larson','littel.zachariah@example.net','e055ca6b70d29a9d0e10ea7d7c8bdc0f215bd588','(621)005-543'),
('11','Linwood','Boyle','rebeca90@example.net','ecde4a300d67f175fdff7de0dd0f8a5b4d985c9f','(114)359-466'),
('12','Kaden','Conn','will.boehm@example.net','3f06287dabf028169c46c4898fd1eb16ba1ff02e','(790)405-777'),
('13','Will','Kassulke','ernest.corwin@example.com','430673f333eed36e7c9e53c86352339a05cf0cd8','00246570755'),
('14','Mercedes','Monahan','stephan.mcclure@example.com','8b36bccf6f012ed97ff0e9c9c4dc8fd4662d2e44','+61(4)289845'),
('15','Barney','Gutmann','felix43@example.net','54265ef45cdc2676c7b82d22bdb48e801690ab5b','292-110-3048'),
('16','Drew','Adams','edgar83@example.com','ab2462a8449f0b94ed6fb9df599d89259ae5bad0','129-010-3882'),
('17','Anabel','Becker','lemke.jannie@example.org','a2de86e34a1bf86b20bbdeb3f68f93f75cef5367','(450)697-321'),
('18','Gennaro','Runolfsdottir','jordan63@example.org','a0404214d47afcee41fae9f5d3896339c6547387','047-517-5035'),
('19','Rhea','Dietrich','zackary.zieme@example.net','e002a80a34b95c8f4578c9342a319cad3abad529','059.686.3379'),
('20','Tracy','Bergnaum','shields.mazie@example.com','7f668314a94de69d70e8f7ad6291d053fc6f40c3','+72(1)956183'),
('21','Hassan','Jast','ruben.frami@example.org','f4fe779700b65c360cc46eee691578adb8102035','(560)105-234'),
('22','Destinee','Luettgen','andreanne.paucek@example.com','87cc8b9ae8d8cb093fbfbe5e7af2ee0f10b0f585','518-910-2843'),
('23','Steve','Pacocha','purdy.rosanna@example.net','810f35af0182421c2a6f65ebfc7a4a69feebde33','1-147-271-96'),
('24','Agnes','Jenkins','willie85@example.org','b44d5b86f97936a238bc6244f19cba2436a8b4a6','039.610.4060'),
('25','Zita','Gutmann','daphney.davis@example.org','3eacc6fcb153b7bb9db048fd6811d19e49b53c27','805-721-4782'),
('26','Arely','Schultz','ava26@example.net','61c41aafb3f9ebfd43216ac69b20e72b8fb33e8b','1-077-237-19'),
('27','Golda','Hand','wsmith@example.com','f2a91acd1d2922a54ed198a238eea101914d6ce2','05195756597'),
('28','Jerald','Aufderhar','stiedemann.courtney@example.net','58f5a0063dbdb5b2142ef1627726618c774e8a4b','(329)165-130'),
('29','Gail','Kunde','tstoltenberg@example.net','6c4c4cc705bf9155fa755e9e7b4e7389c8435bb7','(633)926-582'),
('30','Yolanda','Stroman','alena.mraz@example.org','784673ad457312b983d8b744d39132b349e5e4a7','025-244-3038'),
('31','Christa','Hagenes','corkery.nestor@example.org','abb8868ee24d4697df1c07d83495b7451445ce7f','1-486-544-67'),
('32','Aryanna','Kulas','crooks.dayton@example.org','878f1820a703cb34d9c5656ee7473792322442de','06696061556'),
('33','Jackie','Bailey','leopoldo.grant@example.org','407ac742370275b38f1a5615f072da02ed656563','897.949.7896'),
('34','Shaun','Skiles','kerluke.virgil@example.org','fe57c1636b295daf1cf72c3c5c372149b13ae155','(874)475-717'),
('35','Alexander','Sporer','cecelia91@example.net','6d36db74d1589e07b3100ab88e1b9875cb618e62','407.015.8456'),
('36','Werner','Grady','qgreenholt@example.net','b6438daad09cdffba77a17b3921d899f2461e077','509.214.7476'),
('37','Johnnie','Bartell','heather.mueller@example.net','a09fba0b36e0d947e8638c0ddcdc3797bcacf90b','(112)455-153'),
('38','Yolanda','Hoeger','gleichner.delia@example.org','877c73d013e7bdb5c410440bec63876d16945506','893-723-5509'),
('39','Agustina','VonRueden','torp.isaac@example.com','4906e81a2e605a2f97791637a99e31be2fdabe13','(797)447-097'),
('40','Brooks','Maggio','mae.dubuque@example.org','826f5d86705045f1d0c65c44b085dff9d147e178','603-533-3924'),
('41','Pat','Murazik','collier.roslyn@example.net','6c03aa9656a01e4cced1d02079d253f5f2831dad','499-792-7600'),
('42','Jade','Friesen','ellen74@example.org','728e70cb5e05a05254b98255826e4ab0ee3242b6','+11(7)423479'),
('43','Joshua','Berge','arely.bernier@example.net','0a99e37d7cc4c00d50f00169232e12406ee8f046','965.348.5403'),
('44','Dianna','Lemke','owen58@example.org','e91f3f12f342cd1da6c3722ac69f83166aa0fc80','1-417-100-76'),
('45','Ari','Block','hermiston.cade@example.com','be0dd06c87e213c1dca4a18b076e149c23a8822e','+02(1)499193'),
('46','Kathleen','Daugherty','murray.candice@example.net','e593137c9a503f2225d89bc365bd9e5d9407d599','1-203-149-70'),
('47','Lilly','Kuhic','rbergnaum@example.net','c52a639802a4610dc5d6f3ec34fb9294a559ce71','+70(1)687179'),
('48','Kraig','Jacobson','kpaucek@example.net','06957f153b42287ce781d60d074e452748a5e5c6','(085)836-471'),
('49','Norene','Rippin','hartmann.marquis@example.org','7d94d69e9ac7ea8758dae3fff812628fb6ba283a','1-023-130-56'),
('50','Retha','Schaefer','bert27@example.com','fcc8a16bb7439789b39481a5643c3465eb7ac96b','(484)666-868'),
('51','Bradly','Ernser','lacy.renner@example.net','e317839fb5721ddadf8e7b479656fe2af577c8f2','369.438.3731'),
('52','Philip','Green','sroberts@example.net','3ed34596c6e8a3eb0cfc0e8aa5cf74d136cf9008','(289)815-903'),
('53','Brant','Rempel','crystel.metz@example.com','c39189293979d1aaff440835020b1f47e32032e5','1-993-776-23'),
('54','Jovan','Goldner','maggio.ramona@example.com','328b8a267d0d4c577b1d1fbeffc854a328258974','361-047-7316'),
('55','Albert','Walker','randi24@example.com','375410482fe5c1eb76a34497602146f09443a403','(995)958-271'),
('56','Yesenia','Glover','rosie.klocko@example.com','401a2980a730e0d817b0a3af27f77fcf0f2e1740','(528)238-539'),
('57','Halle','Torphy','yoshiko.christiansen@example.com','0dd3ad24fbab998fcc4b4b0fcbd392f4eefd40cb','946-653-5877'),
('58','Desiree','Fahey','oliver36@example.org','a114715eb17b3c2a72695aa6ed58dbc5446ad6ea','1-185-596-17'),
('59','Imelda','Predovic','kade98@example.com','72ccecfedc1930306b7abb46134c93a14e7d3c34','821-497-2355'),
('60','Trever','Prohaska','crist.marquis@example.com','60bbe62be3e8407c426e7468de1b667b54f498a0','(917)833-838'),
('61','Kara','Ankunding','nikko.zboncak@example.net','d9cc83f3b9838b8e37a4803d08e1df427f7c17b0','07792659044'),
('62','Mohammed','Koch','jamil48@example.net','dda1ce75e865e30797d2f2fc9b8cbddf8ff44616','178.158.0452'),
('63','Frederic','Treutel','hobart.boyle@example.org','d675ef26d7ae351ba82a3be061128f7ac2a90855','237-392-8923'),
('64','Esteban','Kerluke','dagmar33@example.org','f87f057cc296290fd020dcbefb92a1b682217931','+34(6)242354'),
('65','Dennis','Marquardt','nella.eichmann@example.net','9421037944a358b5dcd4c8994a6f0805e811a494','054.076.6526'),
('66','Eldon','Johnston','brant41@example.org','bf80dba5fb5300174252777d39ae0181afee274c','657-293-1064'),
('67','Maverick','McDermott','ned45@example.com','392133f38ebd9991692e15736de26f6520b9e7cf','(172)057-040'),
('68','Tyrell','Nitzsche','rippin.delta@example.net','96a021b00038e7c166d4f14e88af1f83ef26ca39','(183)227-290'),
('69','Harmon','Haley','nmills@example.com','60d59a21e411cd11ad65a37931579f9fdce2913f','02462943798'),
('70','Nichole','Rempel','leo98@example.org','4db66db36ca6a3339c2a725bc6fa7a79c8dc63fb','+41(7)178448'),
('71','Myrna','Boyle','grady.skylar@example.net','17b64b8feb0535584acaf169d381fda7c965fcca','+83(7)337567'),
('72','Jermain','McLaughlin','olson.frida@example.com','f073a914a53ec575cf91d1450891587ccde7a165','1-113-290-74'),
('73','Leif','Altenwerth','beaulah.barrows@example.com','27a7eb0b0a7b3fea773d4f87a9baa8afb70e5c85','1-069-433-11'),
('74','Cooper','Borer','lauryn.howe@example.com','b7eb8469bdca371081ba462a7e3b03218e892fa9','332-662-7872'),
('75','Sydnie','Abbott','linnie.rau@example.com','c1e7f8a30b25d365cca3874f21760d0a779ad325','1-351-093-99'),
('76','Emmie','Gislason','jpowlowski@example.net','17d36a069a4f717b5141e70d40c0415d3fbe03b0','(634)845-288'),
('77','Enid','Doyle','abbigail.heidenreich@example.net','e881a0d39d8558da06139c8ea8e024950b70b67a','+09(5)912776'),
('78','Felicity','Pouros','bmcclure@example.com','fea0453b7ef7556dcd7d5336d0ef10ce3f22eaf2','486-561-0920'),
('79','Antwan','Abernathy','carey.cormier@example.org','126cd6f2a9e74d334cd04361d0d4c47d24cd2078','681.635.7069'),
('80','Marilyne','Brekke','blick.mohammed@example.org','386a7a1a6dd11219e9e4523532ac2a6f447a86b4','406.461.9765'),
('81','Bethany','Leuschke','xwyman@example.com','e253c0bc0456abf85dc6830a3001e55f14a194c3','(730)165-582'),
('82','Morton','Keeling','bstrosin@example.com','a24541ed5a7d37d3ecba02d71ca0e3689e2ea091','(441)378-663'),
('83','Mylene','Kulas','kbartoletti@example.net','35f99952911bfe021e68df0a5157abe06fccefa6','183-210-3344'),
('84','Theo','Hills','acasper@example.com','b5708c2b4ffdd9fbd221492a5c5d7c66a7eaafba','(572)455-614'),
('85','Cecil','Feil','koepp.jeramy@example.com','1dc41e015b471965c2a3461d29c2bc1c719acc1d','799-706-6949'),
('86','Frankie','Cummerata','kulas.devin@example.org','8d83d8b44169dd2073a8cb2102d24bedc89126ed','(858)487-606'),
('87','Seth','Zboncak','deon.o\'reilly@example.com','10dba5c53bae08f143078c2c3ed295d34986a80e','663-972-2232'),
('88','Susan','Kilback','percival.von@example.com','dc26e2c638d3a47dd5cfc9190ec0445f836cf450','(085)753-287'),
('89','Roxanne','Jerde','xcummerata@example.org','755ecaa36d788f2c0f4eb25ac134b67328ce663b','07951700209'),
('90','Gladys','Kuhn','irma07@example.com','c941ef3feebaf075cc8c1ec7a1c1bed189e6d8d2','1-991-262-78'),
('91','Flossie','Kulas','douglas.ken@example.com','280eb342a3d4e1b9a30df436f6951d9d5c6a2cf4','183-164-3468'),
('92','Alisa','Gorczany','legros.sarah@example.org','91c32f048a9359e52726155f4f50404d19ac5fc8','(775)740-398'),
('93','Freida','Corwin','elisha.koss@example.com','63418a3043f18b7556459c12219f6eceb717fd31','07287547738'),
('94','Henry','Tremblay','bart75@example.com','cf694e01f761d872738ab4386f13cf7c411d825b','1-451-379-54'),
('95','Erik','Herman','ibrown@example.net','3e4362605aea164dc2578f2e9adad95e6e9c2704','791.686.0461'),
('96','Yoshiko','Heller','johnathon48@example.net','fe5f7f13d2dd8dc7246b84be316b6ed7abca1d65','936-875-4090'),
('97','Verlie','McClure','kerluke.juliet@example.com','6a16d5b7c2448255cbfcdc136c5bc0277a0e7b80','1-775-590-98'),
('98','Grayce','Price','mraz.erick@example.net','d1592cae0e45d271f081dd42248c7a4a0bd8c63b','00668628640'),
('99','Zack','Hettinger','opal.hirthe@example.net','8fa8b3474f78dec4dd5b5ee7a5b86d2e1cacb17b','809.670.6839'),
('100','Keven','Johnson','justen87@example.com','5497b0c84d59a0c28fa14a049605aa7abda69255','(595)911-703'); 


DROP TABLE IF EXISTS `users_communities`;
CREATE TABLE `users_communities` (
  `user_id` bigint(20) unsigned NOT NULL,
  `community_id` bigint(20) unsigned NOT NULL,
  PRIMARY KEY (`user_id`,`community_id`),
  KEY `community_id` (`community_id`),
  CONSTRAINT `users_communities_ibfk_1` FOREIGN KEY (`user_id`) REFERENCES `users` (`id`),
  CONSTRAINT `users_communities_ibfk_2` FOREIGN KEY (`community_id`) REFERENCES `communities` (`id`)
) ENGINE=InnoDB DEFAULT CHARSET=utf8 COLLATE=utf8_unicode_ci;

INSERT INTO `users_communities` VALUES ('1','1'),
('2','2'),
('3','3'),
('4','4'),
('5','5'),
('6','6'),
('7','7'),
('8','8'),
('9','9'),
('10','10'),
('11','11'),
('12','12'),
('13','13'),
('14','14'),
('15','15'),
('16','16'),
('17','17'),
('18','18'),
('19','19'),
('20','20'),
('21','21'),
('22','22'),
('23','23'),
('24','24'),
('25','25'),
('26','26'),
('27','27'),
('28','28'),
('29','29'),
('30','30'),
('31','31'),
('32','32'),
('33','33'),
('34','34'),
('35','35'),
('36','36'),
('37','37'),
('38','38'),
('39','39'),
('40','40'),
('41','41'),
('42','42'),
('43','43'),
('44','44'),
('45','45'),
('46','46'),
('47','47'),
('48','48'),
('49','49'),
('50','50'),
('51','51'),
('52','52'),
('53','53'),
('54','54'),
('55','55'),
('56','56'),
('57','57'),
('58','58'),
('59','59'),
('60','60'),
('61','61'),
('62','62'),
('63','63'),
('64','64'),
('65','65'),
('66','66'),
('67','67'),
('68','68'),
('69','69'),
('70','70'),
('71','71'),
('72','72'),
('73','73'),
('74','74'),
('75','75'),
('76','76'),
('77','77'),
('78','78'),
('79','79'),
('80','80'),
('81','81'),
('82','82'),
('83','83'),
('84','84'),
('85','85'),
('86','86'),
('87','87'),
('88','88'),
('89','89'),
('90','90'),
('91','91'),
('92','92'),
('93','93'),
('94','94'),
('95','95'),
('96','96'),
('97','97'),
('98','98'),
('99','99'),
('100','100'); 




/*!40101 SET SQL_MODE=@OLD_SQL_MODE */;
/*!40014 SET FOREIGN_KEY_CHECKS=@OLD_FOREIGN_KEY_CHECKS */;
/*!40014 SET UNIQUE_CHECKS=@OLD_UNIQUE_CHECKS */;
/*!40101 SET CHARACTER_SET_CLIENT=@OLD_CHARACTER_SET_CLIENT */;
/*!40101 SET CHARACTER_SET_RESULTS=@OLD_CHARACTER_SET_RESULTS */;
/*!40101 SET COLLATION_CONNECTION=@OLD_COLLATION_CONNECTION */;
/*!40111 SET SQL_NOTES=@OLD_SQL_NOTES */;

